ID,STRUCTURE
2AIO_1_A_1,E
2AIO_1_A_2,E
2AIO_1_A_3,C
2AIO_1_A_4,C
2AIO_1_A_5,C
2AIO_1_A_6,C
2AIO_1_A_7,C
2AIO_1_A_8,E
2AIO_1_A_9,E
2AIO_1_A_10,E
2AIO_1_A_11,E
2AIO_1_A_12,E
2AIO_1_A_13,H
2AIO_1_A_14,C
2AIO_1_A_15,H
2AIO_1_A_16,C
2AIO_1_A_17,H
2AIO_1_A_18,H
2AIO_1_A_19,E
2AIO_1_A_20,E
2FR2_1_A_1,E
2FR2_1_A_2,E
2FR2_1_A_3,C
2FR2_1_A_4,C
2FR2_1_A_5,C
2FR2_1_A_6,C
2FR2_1_A_7,C
2FR2_1_A_8,E
2FR2_1_A_9,E
2FR2_1_A_10,E
2FR2_1_A_11,E
2FR2_1_A_12,E
2FR2_1_A_13,H
2FR2_1_A_14,C
2FR2_1_A_15,H
2FR2_1_A_16,C
2FR2_1_A_17,H
2FR2_1_A_18,H
2FR2_1_A_19,E
2FR2_1_A_20,E
1VHM_1_A_1,E
1VHM_1_A_2,E
1VHM_1_A_3,C
1VHM_1_A_4,C
1VHM_1_A_5,C
1VHM_1_A_6,C
1VHM_1_A_7,C
1VHM_1_A_8,E
1VHM_1_A_9,E
1VHM_1_A_10,E
1VHM_1_A_11,E
1VHM_1_A_12,E
1VHM_1_A_13,H
1VHM_1_A_14,C
1VHM_1_A_15,H
1VHM_1_A_16,C
1VHM_1_A_17,H
1VHM_1_A_18,H
1VHM_1_A_19,E
1VHM_1_A_20,E
1Z67_1_A_1,E
1Z67_1_A_2,E
1Z67_1_A_3,C
1Z67_1_A_4,C
1Z67_1_A_5,C
1Z67_1_A_6,C
1Z67_1_A_7,C
1Z67_1_A_8,E
1Z67_1_A_9,E
1Z67_1_A_10,E
1Z67_1_A_11,E
1Z67_1_A_12,E
1Z67_1_A_13,H
1Z67_1_A_14,C
1Z67_1_A_15,H
1Z67_1_A_16,C
1Z67_1_A_17,H
1Z67_1_A_18,H
1Z67_1_A_19,E
1Z67_1_A_20,E
1BH7_1_A_1,E
1BH7_1_A_2,E
1BH7_1_A_3,C
1BH7_1_A_4,C
1BH7_1_A_5,C
1BH7_1_A_6,C
1BH7_1_A_7,C
1BH7_1_A_8,E
1BH7_1_A_9,E
1BH7_1_A_10,E
1BH7_1_A_11,E
1BH7_1_A_12,E
1BH7_1_A_13,H
1BH7_1_A_14,C
1BH7_1_A_15,H
1BH7_1_A_16,C
1BH7_1_A_17,H
1BH7_1_A_18,H
1BH7_1_A_19,E
1BH7_1_A_20,E
1XTI_1_A_1,E
1XTI_1_A_2,E
1XTI_1_A_3,C
1XTI_1_A_4,C
1XTI_1_A_5,C
1XTI_1_A_6,C
1XTI_1_A_7,C
1XTI_1_A_8,E
1XTI_1_A_9,E
1XTI_1_A_10,E
1XTI_1_A_11,E
1XTI_1_A_12,E
1XTI_1_A_13,H
1XTI_1_A_14,C
1XTI_1_A_15,H
1XTI_1_A_16,C
1XTI_1_A_17,H
1XTI_1_A_18,H
1XTI_1_A_19,E
1XTI_1_A_20,E
1WGX_1_A_1,E
1WGX_1_A_2,E
1WGX_1_A_3,C
1WGX_1_A_4,C
1WGX_1_A_5,C
1WGX_1_A_6,C
1WGX_1_A_7,C
1WGX_1_A_8,E
1WGX_1_A_9,E
1WGX_1_A_10,E
1WGX_1_A_11,E
1WGX_1_A_12,E
1WGX_1_A_13,H
1WGX_1_A_14,C
1WGX_1_A_15,H
1WGX_1_A_16,C
1WGX_1_A_17,H
1WGX_1_A_18,H
1WGX_1_A_19,E
1WGX_1_A_20,E
1UXK_1_A_1,E
1UXK_1_A_2,E
1UXK_1_A_3,C
1UXK_1_A_4,C
1UXK_1_A_5,C
1UXK_1_A_6,C
1UXK_1_A_7,C
1UXK_1_A_8,E
1UXK_1_A_9,E
1UXK_1_A_10,E
1UXK_1_A_11,E
1UXK_1_A_12,E
1UXK_1_A_13,H
1UXK_1_A_14,C
1UXK_1_A_15,H
1UXK_1_A_16,C
1UXK_1_A_17,H
1UXK_1_A_18,H
1UXK_1_A_19,E
1UXK_1_A_20,E
1R1H_1_A_1,E
1R1H_1_A_2,E
1R1H_1_A_3,C
1R1H_1_A_4,C
1R1H_1_A_5,C
1R1H_1_A_6,C
1R1H_1_A_7,C
1R1H_1_A_8,E
1R1H_1_A_9,E
1R1H_1_A_10,E
1R1H_1_A_11,E
1R1H_1_A_12,E
1R1H_1_A_13,H
1R1H_1_A_14,C
1R1H_1_A_15,H
1R1H_1_A_16,C
1R1H_1_A_17,H
1R1H_1_A_18,H
1R1H_1_A_19,E
1R1H_1_A_20,E
1DCE_2_B_1,E
1DCE_2_B_2,E
1DCE_2_B_3,C
1DCE_2_B_4,C
1DCE_2_B_5,C
1DCE_2_B_6,C
1DCE_2_B_7,C
1DCE_2_B_8,E
1DCE_2_B_9,E
1DCE_2_B_10,E
1DCE_2_B_11,E
1DCE_2_B_12,E
1DCE_2_B_13,H
1DCE_2_B_14,C
1DCE_2_B_15,H
1DCE_2_B_16,C
1DCE_2_B_17,H
1DCE_2_B_18,H
1DCE_2_B_19,E
1DCE_2_B_20,E
1A4I_1_A_1,E
1A4I_1_A_2,E
1A4I_1_A_3,C
1A4I_1_A_4,C
1A4I_1_A_5,C
1A4I_1_A_6,C
1A4I_1_A_7,C
1A4I_1_A_8,E
1A4I_1_A_9,E
1A4I_1_A_10,E
1A4I_1_A_11,E
1A4I_1_A_12,E
1A4I_1_A_13,H
1A4I_1_A_14,C
1A4I_1_A_15,H
1A4I_1_A_16,C
1A4I_1_A_17,H
1A4I_1_A_18,H
1A4I_1_A_19,E
1A4I_1_A_20,E
2BG5_1_A_1,E
2BG5_1_A_2,E
2BG5_1_A_3,C
2BG5_1_A_4,C
2BG5_1_A_5,C
2BG5_1_A_6,C
2BG5_1_A_7,C
2BG5_1_A_8,E
2BG5_1_A_9,E
2BG5_1_A_10,E
2BG5_1_A_11,E
2BG5_1_A_12,E
2BG5_1_A_13,H
2BG5_1_A_14,C
2BG5_1_A_15,H
2BG5_1_A_16,C
2BG5_1_A_17,H
2BG5_1_A_18,H
2BG5_1_A_19,E
2BG5_1_A_20,E
1JB0_8_J_1,E
1JB0_8_J_2,E
1JB0_8_J_3,C
1JB0_8_J_4,C
1JB0_8_J_5,C
1JB0_8_J_6,C
1JB0_8_J_7,C
1JB0_8_J_8,E
1JB0_8_J_9,E
1JB0_8_J_10,E
1JB0_8_J_11,E
1JB0_8_J_12,E
1JB0_8_J_13,H
1JB0_8_J_14,C
1JB0_8_J_15,H
1JB0_8_J_16,C
1JB0_8_J_17,H
1JB0_8_J_18,H
1JB0_8_J_19,E
1JB0_8_J_20,E
1MIX_1_A_1,E
1MIX_1_A_2,E
1MIX_1_A_3,C
1MIX_1_A_4,C
1MIX_1_A_5,C
1MIX_1_A_6,C
1MIX_1_A_7,C
1MIX_1_A_8,E
1MIX_1_A_9,E
1MIX_1_A_10,E
1MIX_1_A_11,E
1MIX_1_A_12,E
1MIX_1_A_13,H
1MIX_1_A_14,C
1MIX_1_A_15,H
1MIX_1_A_16,C
1MIX_1_A_17,H
1MIX_1_A_18,H
1MIX_1_A_19,E
1MIX_1_A_20,E
1E0N_1_A_1,E
1E0N_1_A_2,E
1E0N_1_A_3,C
1E0N_1_A_4,C
1E0N_1_A_5,C
1E0N_1_A_6,C
1E0N_1_A_7,C
1E0N_1_A_8,E
1E0N_1_A_9,E
1E0N_1_A_10,E
1E0N_1_A_11,E
1E0N_1_A_12,E
1E0N_1_A_13,H
1E0N_1_A_14,C
1E0N_1_A_15,H
1E0N_1_A_16,C
1E0N_1_A_17,H
1E0N_1_A_18,H
1E0N_1_A_19,E
1E0N_1_A_20,E
1MOU_1_A_1,E
1MOU_1_A_2,E
1MOU_1_A_3,C
1MOU_1_A_4,C
1MOU_1_A_5,C
1MOU_1_A_6,C
1MOU_1_A_7,C
1MOU_1_A_8,E
1MOU_1_A_9,E
1MOU_1_A_10,E
1MOU_1_A_11,E
1MOU_1_A_12,E
1MOU_1_A_13,H
1MOU_1_A_14,C
1MOU_1_A_15,H
1MOU_1_A_16,C
1MOU_1_A_17,H
1MOU_1_A_18,H
1MOU_1_A_19,E
1MOU_1_A_20,E
1CEW_1_I_1,E
1CEW_1_I_2,E
1CEW_1_I_3,C
1CEW_1_I_4,C
1CEW_1_I_5,C
1CEW_1_I_6,C
1CEW_1_I_7,C
1CEW_1_I_8,E
1CEW_1_I_9,E
1CEW_1_I_10,E
1CEW_1_I_11,E
1CEW_1_I_12,E
1CEW_1_I_13,H
1CEW_1_I_14,C
1CEW_1_I_15,H
1CEW_1_I_16,C
1CEW_1_I_17,H
1CEW_1_I_18,H
1CEW_1_I_19,E
1CEW_1_I_20,E
1W26_1_A_1,E
1W26_1_A_2,E
1W26_1_A_3,C
1W26_1_A_4,C
1W26_1_A_5,C
1W26_1_A_6,C
1W26_1_A_7,C
1W26_1_A_8,E
1W26_1_A_9,E
1W26_1_A_10,E
1W26_1_A_11,E
1W26_1_A_12,E
1W26_1_A_13,H
1W26_1_A_14,C
1W26_1_A_15,H
1W26_1_A_16,C
1W26_1_A_17,H
1W26_1_A_18,H
1W26_1_A_19,E
1W26_1_A_20,E
1AZK_1_A_1,E
1AZK_1_A_2,E
1AZK_1_A_3,C
1AZK_1_A_4,C
1AZK_1_A_5,C
1AZK_1_A_6,C
1AZK_1_A_7,C
1AZK_1_A_8,E
1AZK_1_A_9,E
1AZK_1_A_10,E
1AZK_1_A_11,E
1AZK_1_A_12,E
1AZK_1_A_13,H
1AZK_1_A_14,C
1AZK_1_A_15,H
1AZK_1_A_16,C
1AZK_1_A_17,H
1AZK_1_A_18,H
1AZK_1_A_19,E
1AZK_1_A_20,E
1IYC_1_A_1,E
1IYC_1_A_2,E
1IYC_1_A_3,C
1IYC_1_A_4,C
1IYC_1_A_5,C
1IYC_1_A_6,C
1IYC_1_A_7,C
1IYC_1_A_8,E
1IYC_1_A_9,E
1IYC_1_A_10,E
1IYC_1_A_11,E
1IYC_1_A_12,E
1IYC_1_A_13,H
1IYC_1_A_14,C
1IYC_1_A_15,H
1IYC_1_A_16,C
1IYC_1_A_17,H
1IYC_1_A_18,H
1IYC_1_A_19,E
1IYC_1_A_20,E
1AOH_1_A_1,E
1AOH_1_A_2,E
1AOH_1_A_3,C
1AOH_1_A_4,C
1AOH_1_A_5,C
1AOH_1_A_6,C
1AOH_1_A_7,C
1AOH_1_A_8,E
1AOH_1_A_9,E
1AOH_1_A_10,E
1AOH_1_A_11,E
1AOH_1_A_12,E
1AOH_1_A_13,H
1AOH_1_A_14,C
1AOH_1_A_15,H
1AOH_1_A_16,C
1AOH_1_A_17,H
1AOH_1_A_18,H
1AOH_1_A_19,E
1AOH_1_A_20,E
1AWD_1_A_1,E
1AWD_1_A_2,E
1AWD_1_A_3,C
1AWD_1_A_4,C
1AWD_1_A_5,C
1AWD_1_A_6,C
1AWD_1_A_7,C
1AWD_1_A_8,E
1AWD_1_A_9,E
1AWD_1_A_10,E
1AWD_1_A_11,E
1AWD_1_A_12,E
1AWD_1_A_13,H
1AWD_1_A_14,C
1AWD_1_A_15,H
1AWD_1_A_16,C
1AWD_1_A_17,H
1AWD_1_A_18,H
1AWD_1_A_19,E
1AWD_1_A_20,E
1X32_1_A_1,E
1X32_1_A_2,E
1X32_1_A_3,C
1X32_1_A_4,C
1X32_1_A_5,C
1X32_1_A_6,C
1X32_1_A_7,C
1X32_1_A_8,E
1X32_1_A_9,E
1X32_1_A_10,E
1X32_1_A_11,E
1X32_1_A_12,E
1X32_1_A_13,H
1X32_1_A_14,C
1X32_1_A_15,H
1X32_1_A_16,C
1X32_1_A_17,H
1X32_1_A_18,H
1X32_1_A_19,E
1X32_1_A_20,E
1SG1_2_X_1,E
1SG1_2_X_2,E
1SG1_2_X_3,C
1SG1_2_X_4,C
1SG1_2_X_5,C
1SG1_2_X_6,C
1SG1_2_X_7,C
1SG1_2_X_8,E
1SG1_2_X_9,E
1SG1_2_X_10,E
1SG1_2_X_11,E
1SG1_2_X_12,E
1SG1_2_X_13,H
1SG1_2_X_14,C
1SG1_2_X_15,H
1SG1_2_X_16,C
1SG1_2_X_17,H
1SG1_2_X_18,H
1SG1_2_X_19,E
1SG1_2_X_20,E
1EZJ_1_A_1,E
1EZJ_1_A_2,E
1EZJ_1_A_3,C
1EZJ_1_A_4,C
1EZJ_1_A_5,C
1EZJ_1_A_6,C
1EZJ_1_A_7,C
1EZJ_1_A_8,E
1EZJ_1_A_9,E
1EZJ_1_A_10,E
1EZJ_1_A_11,E
1EZJ_1_A_12,E
1EZJ_1_A_13,H
1EZJ_1_A_14,C
1EZJ_1_A_15,H
1EZJ_1_A_16,C
1EZJ_1_A_17,H
1EZJ_1_A_18,H
1EZJ_1_A_19,E
1EZJ_1_A_20,E
1TO4_1_A_1,E
1TO4_1_A_2,E
1TO4_1_A_3,C
1TO4_1_A_4,C
1TO4_1_A_5,C
1TO4_1_A_6,C
1TO4_1_A_7,C
1TO4_1_A_8,E
1TO4_1_A_9,E
1TO4_1_A_10,E
1TO4_1_A_11,E
1TO4_1_A_12,E
1TO4_1_A_13,H
1TO4_1_A_14,C
1TO4_1_A_15,H
1TO4_1_A_16,C
1TO4_1_A_17,H
1TO4_1_A_18,H
1TO4_1_A_19,E
1TO4_1_A_20,E
1EAY_2_C_1,E
1EAY_2_C_2,E
1EAY_2_C_3,C
1EAY_2_C_4,C
1EAY_2_C_5,C
1EAY_2_C_6,C
1EAY_2_C_7,C
1EAY_2_C_8,E
1EAY_2_C_9,E
1EAY_2_C_10,E
1EAY_2_C_11,E
1EAY_2_C_12,E
1EAY_2_C_13,H
1EAY_2_C_14,C
1EAY_2_C_15,H
1EAY_2_C_16,C
1EAY_2_C_17,H
1EAY_2_C_18,H
1EAY_2_C_19,E
1EAY_2_C_20,E
1VQV_1_A_1,E
1VQV_1_A_2,E
1VQV_1_A_3,C
1VQV_1_A_4,C
1VQV_1_A_5,C
1VQV_1_A_6,C
1VQV_1_A_7,C
1VQV_1_A_8,E
1VQV_1_A_9,E
1VQV_1_A_10,E
1VQV_1_A_11,E
1VQV_1_A_12,E
1VQV_1_A_13,H
1VQV_1_A_14,C
1VQV_1_A_15,H
1VQV_1_A_16,C
1VQV_1_A_17,H
1VQV_1_A_18,H
1VQV_1_A_19,E
1VQV_1_A_20,E
2FCR_1_A_1,E
2FCR_1_A_2,E
2FCR_1_A_3,C
2FCR_1_A_4,C
2FCR_1_A_5,C
2FCR_1_A_6,C
2FCR_1_A_7,C
2FCR_1_A_8,E
2FCR_1_A_9,E
2FCR_1_A_10,E
2FCR_1_A_11,E
2FCR_1_A_12,E
2FCR_1_A_13,H
2FCR_1_A_14,C
2FCR_1_A_15,H
2FCR_1_A_16,C
2FCR_1_A_17,H
2FCR_1_A_18,H
2FCR_1_A_19,E
2FCR_1_A_20,E
1EGW_3_A_1,E
1EGW_3_A_2,E
1EGW_3_A_3,C
1EGW_3_A_4,C
1EGW_3_A_5,C
1EGW_3_A_6,C
1EGW_3_A_7,C
1EGW_3_A_8,E
1EGW_3_A_9,E
1EGW_3_A_10,E
1EGW_3_A_11,E
1EGW_3_A_12,E
1EGW_3_A_13,H
1EGW_3_A_14,C
1EGW_3_A_15,H
1EGW_3_A_16,C
1EGW_3_A_17,H
1EGW_3_A_18,H
1EGW_3_A_19,E
1EGW_3_A_20,E
2FE7_1_A_1,E
2FE7_1_A_2,E
2FE7_1_A_3,C
2FE7_1_A_4,C
2FE7_1_A_5,C
2FE7_1_A_6,C
2FE7_1_A_7,C
2FE7_1_A_8,E
2FE7_1_A_9,E
2FE7_1_A_10,E
2FE7_1_A_11,E
2FE7_1_A_12,E
2FE7_1_A_13,H
2FE7_1_A_14,C
2FE7_1_A_15,H
2FE7_1_A_16,C
2FE7_1_A_17,H
2FE7_1_A_18,H
2FE7_1_A_19,E
2FE7_1_A_20,E
1KQF_3_C_1,E
1KQF_3_C_2,E
1KQF_3_C_3,C
1KQF_3_C_4,C
1KQF_3_C_5,C
1KQF_3_C_6,C
1KQF_3_C_7,C
1KQF_3_C_8,E
1KQF_3_C_9,E
1KQF_3_C_10,E
1KQF_3_C_11,E
1KQF_3_C_12,E
1KQF_3_C_13,H
1KQF_3_C_14,C
1KQF_3_C_15,H
1KQF_3_C_16,C
1KQF_3_C_17,H
1KQF_3_C_18,H
1KQF_3_C_19,E
1KQF_3_C_20,E
1J93_1_A_1,E
1J93_1_A_2,E
1J93_1_A_3,C
1J93_1_A_4,C
1J93_1_A_5,C
1J93_1_A_6,C
1J93_1_A_7,C
1J93_1_A_8,E
1J93_1_A_9,E
1J93_1_A_10,E
1J93_1_A_11,E
1J93_1_A_12,E
1J93_1_A_13,H
1J93_1_A_14,C
1J93_1_A_15,H
1J93_1_A_16,C
1J93_1_A_17,H
1J93_1_A_18,H
1J93_1_A_19,E
1J93_1_A_20,E
1BL0_3_A_1,E
1BL0_3_A_2,E
1BL0_3_A_3,C
1BL0_3_A_4,C
1BL0_3_A_5,C
1BL0_3_A_6,C
1BL0_3_A_7,C
1BL0_3_A_8,E
1BL0_3_A_9,E
1BL0_3_A_10,E
1BL0_3_A_11,E
1BL0_3_A_12,E
1BL0_3_A_13,H
1BL0_3_A_14,C
1BL0_3_A_15,H
1BL0_3_A_16,C
1BL0_3_A_17,H
1BL0_3_A_18,H
1BL0_3_A_19,E
1BL0_3_A_20,E
2CH4_2_W_1,E
2CH4_2_W_2,E
2CH4_2_W_3,C
2CH4_2_W_4,C
2CH4_2_W_5,C
2CH4_2_W_6,C
2CH4_2_W_7,C
2CH4_2_W_8,E
2CH4_2_W_9,E
2CH4_2_W_10,E
2CH4_2_W_11,E
2CH4_2_W_12,E
2CH4_2_W_13,H
2CH4_2_W_14,C
2CH4_2_W_15,H
2CH4_2_W_16,C
2CH4_2_W_17,H
2CH4_2_W_18,H
2CH4_2_W_19,E
2CH4_2_W_20,E
1JLI_1_A_1,E
1JLI_1_A_2,E
1JLI_1_A_3,C
1JLI_1_A_4,C
1JLI_1_A_5,C
1JLI_1_A_6,C
1JLI_1_A_7,C
1JLI_1_A_8,E
1JLI_1_A_9,E
1JLI_1_A_10,E
1JLI_1_A_11,E
1JLI_1_A_12,E
1JLI_1_A_13,H
1JLI_1_A_14,C
1JLI_1_A_15,H
1JLI_1_A_16,C
1JLI_1_A_17,H
1JLI_1_A_18,H
1JLI_1_A_19,E
1JLI_1_A_20,E
1V5R_1_A_1,E
1V5R_1_A_2,E
1V5R_1_A_3,C
1V5R_1_A_4,C
1V5R_1_A_5,C
1V5R_1_A_6,C
1V5R_1_A_7,C
1V5R_1_A_8,E
1V5R_1_A_9,E
1V5R_1_A_10,E
1V5R_1_A_11,E
1V5R_1_A_12,E
1V5R_1_A_13,H
1V5R_1_A_14,C
1V5R_1_A_15,H
1V5R_1_A_16,C
1V5R_1_A_17,H
1V5R_1_A_18,H
1V5R_1_A_19,E
1V5R_1_A_20,E
1S4Z_2_C_1,E
1S4Z_2_C_2,E
1S4Z_2_C_3,C
1S4Z_2_C_4,C
1S4Z_2_C_5,C
1S4Z_2_C_6,C
1S4Z_2_C_7,C
1S4Z_2_C_8,E
1S4Z_2_C_9,E
1S4Z_2_C_10,E
1S4Z_2_C_11,E
1S4Z_2_C_12,E
1S4Z_2_C_13,H
1S4Z_2_C_14,C
1S4Z_2_C_15,H
1S4Z_2_C_16,C
1S4Z_2_C_17,H
1S4Z_2_C_18,H
1S4Z_2_C_19,E
1S4Z_2_C_20,E
1OOH_1_A_1,E
1OOH_1_A_2,E
1OOH_1_A_3,C
1OOH_1_A_4,C
1OOH_1_A_5,C
1OOH_1_A_6,C
1OOH_1_A_7,C
1OOH_1_A_8,E
1OOH_1_A_9,E
1OOH_1_A_10,E
1OOH_1_A_11,E
1OOH_1_A_12,E
1OOH_1_A_13,H
1OOH_1_A_14,C
1OOH_1_A_15,H
1OOH_1_A_16,C
1OOH_1_A_17,H
1OOH_1_A_18,H
1OOH_1_A_19,E
1OOH_1_A_20,E
1PSB_2_C_1,E
1PSB_2_C_2,E
1PSB_2_C_3,C
1PSB_2_C_4,C
1PSB_2_C_5,C
1PSB_2_C_6,C
1PSB_2_C_7,C
1PSB_2_C_8,E
1PSB_2_C_9,E
1PSB_2_C_10,E
1PSB_2_C_11,E
1PSB_2_C_12,E
1PSB_2_C_13,H
1PSB_2_C_14,C
1PSB_2_C_15,H
1PSB_2_C_16,C
1PSB_2_C_17,H
1PSB_2_C_18,H
1PSB_2_C_19,E
1PSB_2_C_20,E
1R1A_4_4_1,E
1R1A_4_4_2,E
1R1A_4_4_3,C
1R1A_4_4_4,C
1R1A_4_4_5,C
1R1A_4_4_6,C
1R1A_4_4_7,C
1R1A_4_4_8,E
1R1A_4_4_9,E
1R1A_4_4_10,E
1R1A_4_4_11,E
1R1A_4_4_12,E
1R1A_4_4_13,H
1R1A_4_4_14,C
1R1A_4_4_15,H
1R1A_4_4_16,C
1R1A_4_4_17,H
1R1A_4_4_18,H
1R1A_4_4_19,E
1R1A_4_4_20,E
2AE9_1_A_1,E
2AE9_1_A_2,E
2AE9_1_A_3,C
2AE9_1_A_4,C
2AE9_1_A_5,C
2AE9_1_A_6,C
2AE9_1_A_7,C
2AE9_1_A_8,E
2AE9_1_A_9,E
2AE9_1_A_10,E
2AE9_1_A_11,E
2AE9_1_A_12,E
2AE9_1_A_13,H
2AE9_1_A_14,C
2AE9_1_A_15,H
2AE9_1_A_16,C
2AE9_1_A_17,H
2AE9_1_A_18,H
2AE9_1_A_19,E
2AE9_1_A_20,E
1DCT_3_A_1,E
1DCT_3_A_2,E
1DCT_3_A_3,C
1DCT_3_A_4,C
1DCT_3_A_5,C
1DCT_3_A_6,C
1DCT_3_A_7,C
1DCT_3_A_8,E
1DCT_3_A_9,E
1DCT_3_A_10,E
1DCT_3_A_11,E
1DCT_3_A_12,E
1DCT_3_A_13,H
1DCT_3_A_14,C
1DCT_3_A_15,H
1DCT_3_A_16,C
1DCT_3_A_17,H
1DCT_3_A_18,H
1DCT_3_A_19,E
1DCT_3_A_20,E
1SBP_1_A_1,E
1SBP_1_A_2,E
1SBP_1_A_3,C
1SBP_1_A_4,C
1SBP_1_A_5,C
1SBP_1_A_6,C
1SBP_1_A_7,C
1SBP_1_A_8,E
1SBP_1_A_9,E
1SBP_1_A_10,E
1SBP_1_A_11,E
1SBP_1_A_12,E
1SBP_1_A_13,H
1SBP_1_A_14,C
1SBP_1_A_15,H
1SBP_1_A_16,C
1SBP_1_A_17,H
1SBP_1_A_18,H
1SBP_1_A_19,E
1SBP_1_A_20,E
1D01_1_A_1,E
1D01_1_A_2,E
1D01_1_A_3,C
1D01_1_A_4,C
1D01_1_A_5,C
1D01_1_A_6,C
1D01_1_A_7,C
1D01_1_A_8,E
1D01_1_A_9,E
1D01_1_A_10,E
1D01_1_A_11,E
1D01_1_A_12,E
1D01_1_A_13,H
1D01_1_A_14,C
1D01_1_A_15,H
1D01_1_A_16,C
1D01_1_A_17,H
1D01_1_A_18,H
1D01_1_A_19,E
1D01_1_A_20,E
2AYI_1_A_1,E
2AYI_1_A_2,E
2AYI_1_A_3,C
2AYI_1_A_4,C
2AYI_1_A_5,C
2AYI_1_A_6,C
2AYI_1_A_7,C
2AYI_1_A_8,E
2AYI_1_A_9,E
2AYI_1_A_10,E
2AYI_1_A_11,E
2AYI_1_A_12,E
2AYI_1_A_13,H
2AYI_1_A_14,C
2AYI_1_A_15,H
2AYI_1_A_16,C
2AYI_1_A_17,H
2AYI_1_A_18,H
2AYI_1_A_19,E
2AYI_1_A_20,E
1XOV_1_A_1,E
1XOV_1_A_2,E
1XOV_1_A_3,C
1XOV_1_A_4,C
1XOV_1_A_5,C
1XOV_1_A_6,C
1XOV_1_A_7,C
1XOV_1_A_8,E
1XOV_1_A_9,E
1XOV_1_A_10,E
1XOV_1_A_11,E
1XOV_1_A_12,E
1XOV_1_A_13,H
1XOV_1_A_14,C
1XOV_1_A_15,H
1XOV_1_A_16,C
1XOV_1_A_17,H
1XOV_1_A_18,H
1XOV_1_A_19,E
1XOV_1_A_20,E
2D4P_1_A_1,E
2D4P_1_A_2,E
2D4P_1_A_3,C
2D4P_1_A_4,C
2D4P_1_A_5,C
2D4P_1_A_6,C
2D4P_1_A_7,C
2D4P_1_A_8,E
2D4P_1_A_9,E
2D4P_1_A_10,E
2D4P_1_A_11,E
2D4P_1_A_12,E
2D4P_1_A_13,H
2D4P_1_A_14,C
2D4P_1_A_15,H
2D4P_1_A_16,C
2D4P_1_A_17,H
2D4P_1_A_18,H
2D4P_1_A_19,E
2D4P_1_A_20,E
1X53_1_A_1,E
1X53_1_A_2,E
1X53_1_A_3,C
1X53_1_A_4,C
1X53_1_A_5,C
1X53_1_A_6,C
1X53_1_A_7,C
1X53_1_A_8,E
1X53_1_A_9,E
1X53_1_A_10,E
1X53_1_A_11,E
1X53_1_A_12,E
1X53_1_A_13,H
1X53_1_A_14,C
1X53_1_A_15,H
1X53_1_A_16,C
1X53_1_A_17,H
1X53_1_A_18,H
1X53_1_A_19,E
1X53_1_A_20,E
1IIO_1_A_1,E
1IIO_1_A_2,E
1IIO_1_A_3,C
1IIO_1_A_4,C
1IIO_1_A_5,C
1IIO_1_A_6,C
1IIO_1_A_7,C
1IIO_1_A_8,E
1IIO_1_A_9,E
1IIO_1_A_10,E
1IIO_1_A_11,E
1IIO_1_A_12,E
1IIO_1_A_13,H
1IIO_1_A_14,C
1IIO_1_A_15,H
1IIO_1_A_16,C
1IIO_1_A_17,H
1IIO_1_A_18,H
1IIO_1_A_19,E
1IIO_1_A_20,E
1TQN_1_A_1,E
1TQN_1_A_2,E
1TQN_1_A_3,C
1TQN_1_A_4,C
1TQN_1_A_5,C
1TQN_1_A_6,C
1TQN_1_A_7,C
1TQN_1_A_8,E
1TQN_1_A_9,E
1TQN_1_A_10,E
1TQN_1_A_11,E
1TQN_1_A_12,E
1TQN_1_A_13,H
1TQN_1_A_14,C
1TQN_1_A_15,H
1TQN_1_A_16,C
1TQN_1_A_17,H
1TQN_1_A_18,H
1TQN_1_A_19,E
1TQN_1_A_20,E
2A6N_1_A_1,E
2A6N_1_A_2,E
2A6N_1_A_3,C
2A6N_1_A_4,C
2A6N_1_A_5,C
2A6N_1_A_6,C
2A6N_1_A_7,C
2A6N_1_A_8,E
2A6N_1_A_9,E
2A6N_1_A_10,E
2A6N_1_A_11,E
2A6N_1_A_12,E
2A6N_1_A_13,H
2A6N_1_A_14,C
2A6N_1_A_15,H
2A6N_1_A_16,C
2A6N_1_A_17,H
2A6N_1_A_18,H
2A6N_1_A_19,E
2A6N_1_A_20,E
1A0S_1_P_1,E
1A0S_1_P_2,E
1A0S_1_P_3,C
1A0S_1_P_4,C
1A0S_1_P_5,C
1A0S_1_P_6,C
1A0S_1_P_7,C
1A0S_1_P_8,E
1A0S_1_P_9,E
1A0S_1_P_10,E
1A0S_1_P_11,E
1A0S_1_P_12,E
1A0S_1_P_13,H
1A0S_1_P_14,C
1A0S_1_P_15,H
1A0S_1_P_16,C
1A0S_1_P_17,H
1A0S_1_P_18,H
1A0S_1_P_19,E
1A0S_1_P_20,E
1VZS_1_A_1,E
1VZS_1_A_2,E
1VZS_1_A_3,C
1VZS_1_A_4,C
1VZS_1_A_5,C
1VZS_1_A_6,C
1VZS_1_A_7,C
1VZS_1_A_8,E
1VZS_1_A_9,E
1VZS_1_A_10,E
1VZS_1_A_11,E
1VZS_1_A_12,E
1VZS_1_A_13,H
1VZS_1_A_14,C
1VZS_1_A_15,H
1VZS_1_A_16,C
1VZS_1_A_17,H
1VZS_1_A_18,H
1VZS_1_A_19,E
1VZS_1_A_20,E
1HM9_1_A_1,E
1HM9_1_A_2,E
1HM9_1_A_3,C
1HM9_1_A_4,C
1HM9_1_A_5,C
1HM9_1_A_6,C
1HM9_1_A_7,C
1HM9_1_A_8,E
1HM9_1_A_9,E
1HM9_1_A_10,E
1HM9_1_A_11,E
1HM9_1_A_12,E
1HM9_1_A_13,H
1HM9_1_A_14,C
1HM9_1_A_15,H
1HM9_1_A_16,C
1HM9_1_A_17,H
1HM9_1_A_18,H
1HM9_1_A_19,E
1HM9_1_A_20,E
1J2P_1_A_1,E
1J2P_1_A_2,E
1J2P_1_A_3,C
1J2P_1_A_4,C
1J2P_1_A_5,C
1J2P_1_A_6,C
1J2P_1_A_7,C
1J2P_1_A_8,E
1J2P_1_A_9,E
1J2P_1_A_10,E
1J2P_1_A_11,E
1J2P_1_A_12,E
1J2P_1_A_13,H
1J2P_1_A_14,C
1J2P_1_A_15,H
1J2P_1_A_16,C
1J2P_1_A_17,H
1J2P_1_A_18,H
1J2P_1_A_19,E
1J2P_1_A_20,E
1QNI_1_A_1,E
1QNI_1_A_2,E
1QNI_1_A_3,C
1QNI_1_A_4,C
1QNI_1_A_5,C
1QNI_1_A_6,C
1QNI_1_A_7,C
1QNI_1_A_8,E
1QNI_1_A_9,E
1QNI_1_A_10,E
1QNI_1_A_11,E
1QNI_1_A_12,E
1QNI_1_A_13,H
1QNI_1_A_14,C
1QNI_1_A_15,H
1QNI_1_A_16,C
1QNI_1_A_17,H
1QNI_1_A_18,H
1QNI_1_A_19,E
1QNI_1_A_20,E
2F8E_2_A_1,E
2F8E_2_A_2,E
2F8E_2_A_3,C
2F8E_2_A_4,C
2F8E_2_A_5,C
2F8E_2_A_6,C
2F8E_2_A_7,C
2F8E_2_A_8,E
2F8E_2_A_9,E
2F8E_2_A_10,E
2F8E_2_A_11,E
2F8E_2_A_12,E
2F8E_2_A_13,H
2F8E_2_A_14,C
2F8E_2_A_15,H
2F8E_2_A_16,C
2F8E_2_A_17,H
2F8E_2_A_18,H
2F8E_2_A_19,E
2F8E_2_A_20,E
1MM0_1_A_1,E
1MM0_1_A_2,E
1MM0_1_A_3,C
1MM0_1_A_4,C
1MM0_1_A_5,C
1MM0_1_A_6,C
1MM0_1_A_7,C
1MM0_1_A_8,E
1MM0_1_A_9,E
1MM0_1_A_10,E
1MM0_1_A_11,E
1MM0_1_A_12,E
1MM0_1_A_13,H
1MM0_1_A_14,C
1MM0_1_A_15,H
1MM0_1_A_16,C
1MM0_1_A_17,H
1MM0_1_A_18,H
1MM0_1_A_19,E
1MM0_1_A_20,E
1SS2_1_A_1,E
1SS2_1_A_2,E
1SS2_1_A_3,C
1SS2_1_A_4,C
1SS2_1_A_5,C
1SS2_1_A_6,C
1SS2_1_A_7,C
1SS2_1_A_8,E
1SS2_1_A_9,E
1SS2_1_A_10,E
1SS2_1_A_11,E
1SS2_1_A_12,E
1SS2_1_A_13,H
1SS2_1_A_14,C
1SS2_1_A_15,H
1SS2_1_A_16,C
1SS2_1_A_17,H
1SS2_1_A_18,H
1SS2_1_A_19,E
1SS2_1_A_20,E
1R0M_1_A_1,E
1R0M_1_A_2,E
1R0M_1_A_3,C
1R0M_1_A_4,C
1R0M_1_A_5,C
1R0M_1_A_6,C
1R0M_1_A_7,C
1R0M_1_A_8,E
1R0M_1_A_9,E
1R0M_1_A_10,E
1R0M_1_A_11,E
1R0M_1_A_12,E
1R0M_1_A_13,H
1R0M_1_A_14,C
1R0M_1_A_15,H
1R0M_1_A_16,C
1R0M_1_A_17,H
1R0M_1_A_18,H
1R0M_1_A_19,E
1R0M_1_A_20,E
1OFU_2_X_1,E
1OFU_2_X_2,E
1OFU_2_X_3,C
1OFU_2_X_4,C
1OFU_2_X_5,C
1OFU_2_X_6,C
1OFU_2_X_7,C
1OFU_2_X_8,E
1OFU_2_X_9,E
1OFU_2_X_10,E
1OFU_2_X_11,E
1OFU_2_X_12,E
1OFU_2_X_13,H
1OFU_2_X_14,C
1OFU_2_X_15,H
1OFU_2_X_16,C
1OFU_2_X_17,H
1OFU_2_X_18,H
1OFU_2_X_19,E
1OFU_2_X_20,E
1ZZ1_1_A_1,E
1ZZ1_1_A_2,E
1ZZ1_1_A_3,C
1ZZ1_1_A_4,C
1ZZ1_1_A_5,C
1ZZ1_1_A_6,C
1ZZ1_1_A_7,C
1ZZ1_1_A_8,E
1ZZ1_1_A_9,E
1ZZ1_1_A_10,E
1ZZ1_1_A_11,E
1ZZ1_1_A_12,E
1ZZ1_1_A_13,H
1ZZ1_1_A_14,C
1ZZ1_1_A_15,H
1ZZ1_1_A_16,C
1ZZ1_1_A_17,H
1ZZ1_1_A_18,H
1ZZ1_1_A_19,E
1ZZ1_1_A_20,E
1UC2_1_A_1,E
1UC2_1_A_2,E
1UC2_1_A_3,C
1UC2_1_A_4,C
1UC2_1_A_5,C
1UC2_1_A_6,C
1UC2_1_A_7,C
1UC2_1_A_8,E
1UC2_1_A_9,E
1UC2_1_A_10,E
1UC2_1_A_11,E
1UC2_1_A_12,E
1UC2_1_A_13,H
1UC2_1_A_14,C
1UC2_1_A_15,H
1UC2_1_A_16,C
1UC2_1_A_17,H
1UC2_1_A_18,H
1UC2_1_A_19,E
1UC2_1_A_20,E
1A88_1_A_1,E
1A88_1_A_2,E
1A88_1_A_3,C
1A88_1_A_4,C
1A88_1_A_5,C
1A88_1_A_6,C
1A88_1_A_7,C
1A88_1_A_8,E
1A88_1_A_9,E
1A88_1_A_10,E
1A88_1_A_11,E
1A88_1_A_12,E
1A88_1_A_13,H
1A88_1_A_14,C
1A88_1_A_15,H
1A88_1_A_16,C
1A88_1_A_17,H
1A88_1_A_18,H
1A88_1_A_19,E
1A88_1_A_20,E
1AIW_1_A_1,E
1AIW_1_A_2,E
1AIW_1_A_3,C
1AIW_1_A_4,C
1AIW_1_A_5,C
1AIW_1_A_6,C
1AIW_1_A_7,C
1AIW_1_A_8,E
1AIW_1_A_9,E
1AIW_1_A_10,E
1AIW_1_A_11,E
1AIW_1_A_12,E
1AIW_1_A_13,H
1AIW_1_A_14,C
1AIW_1_A_15,H
1AIW_1_A_16,C
1AIW_1_A_17,H
1AIW_1_A_18,H
1AIW_1_A_19,E
1AIW_1_A_20,E
1OK3_1_A_1,E
1OK3_1_A_2,E
1OK3_1_A_3,C
1OK3_1_A_4,C
1OK3_1_A_5,C
1OK3_1_A_6,C
1OK3_1_A_7,C
1OK3_1_A_8,E
1OK3_1_A_9,E
1OK3_1_A_10,E
1OK3_1_A_11,E
1OK3_1_A_12,E
1OK3_1_A_13,H
1OK3_1_A_14,C
1OK3_1_A_15,H
1OK3_1_A_16,C
1OK3_1_A_17,H
1OK3_1_A_18,H
1OK3_1_A_19,E
1OK3_1_A_20,E
1AEP_1_A_1,E
1AEP_1_A_2,E
1AEP_1_A_3,C
1AEP_1_A_4,C
1AEP_1_A_5,C
1AEP_1_A_6,C
1AEP_1_A_7,C
1AEP_1_A_8,E
1AEP_1_A_9,E
1AEP_1_A_10,E
1AEP_1_A_11,E
1AEP_1_A_12,E
1AEP_1_A_13,H
1AEP_1_A_14,C
1AEP_1_A_15,H
1AEP_1_A_16,C
1AEP_1_A_17,H
1AEP_1_A_18,H
1AEP_1_A_19,E
1AEP_1_A_20,E
1LF9_1_A_1,E
1LF9_1_A_2,E
1LF9_1_A_3,C
1LF9_1_A_4,C
1LF9_1_A_5,C
1LF9_1_A_6,C
1LF9_1_A_7,C
1LF9_1_A_8,E
1LF9_1_A_9,E
1LF9_1_A_10,E
1LF9_1_A_11,E
1LF9_1_A_12,E
1LF9_1_A_13,H
1LF9_1_A_14,C
1LF9_1_A_15,H
1LF9_1_A_16,C
1LF9_1_A_17,H
1LF9_1_A_18,H
1LF9_1_A_19,E
1LF9_1_A_20,E
1YD0_1_A_1,E
1YD0_1_A_2,E
1YD0_1_A_3,C
1YD0_1_A_4,C
1YD0_1_A_5,C
1YD0_1_A_6,C
1YD0_1_A_7,C
1YD0_1_A_8,E
1YD0_1_A_9,E
1YD0_1_A_10,E
1YD0_1_A_11,E
1YD0_1_A_12,E
1YD0_1_A_13,H
1YD0_1_A_14,C
1YD0_1_A_15,H
1YD0_1_A_16,C
1YD0_1_A_17,H
1YD0_1_A_18,H
1YD0_1_A_19,E
1YD0_1_A_20,E
1X5C_1_A_1,E
1X5C_1_A_2,E
1X5C_1_A_3,C
1X5C_1_A_4,C
1X5C_1_A_5,C
1X5C_1_A_6,C
1X5C_1_A_7,C
1X5C_1_A_8,E
1X5C_1_A_9,E
1X5C_1_A_10,E
1X5C_1_A_11,E
1X5C_1_A_12,E
1X5C_1_A_13,H
1X5C_1_A_14,C
1X5C_1_A_15,H
1X5C_1_A_16,C
1X5C_1_A_17,H
1X5C_1_A_18,H
1X5C_1_A_19,E
1X5C_1_A_20,E
1EF8_1_A_1,E
1EF8_1_A_2,E
1EF8_1_A_3,C
1EF8_1_A_4,C
1EF8_1_A_5,C
1EF8_1_A_6,C
1EF8_1_A_7,C
1EF8_1_A_8,E
1EF8_1_A_9,E
1EF8_1_A_10,E
1EF8_1_A_11,E
1EF8_1_A_12,E
1EF8_1_A_13,H
1EF8_1_A_14,C
1EF8_1_A_15,H
1EF8_1_A_16,C
1EF8_1_A_17,H
1EF8_1_A_18,H
1EF8_1_A_19,E
1EF8_1_A_20,E
1K91_1_A_1,E
1K91_1_A_2,E
1K91_1_A_3,C
1K91_1_A_4,C
1K91_1_A_5,C
1K91_1_A_6,C
1K91_1_A_7,C
1K91_1_A_8,E
1K91_1_A_9,E
1K91_1_A_10,E
1K91_1_A_11,E
1K91_1_A_12,E
1K91_1_A_13,H
1K91_1_A_14,C
1K91_1_A_15,H
1K91_1_A_16,C
1K91_1_A_17,H
1K91_1_A_18,H
1K91_1_A_19,E
1K91_1_A_20,E
1Y32_1_A_1,E
1Y32_1_A_2,E
1Y32_1_A_3,C
1Y32_1_A_4,C
1Y32_1_A_5,C
1Y32_1_A_6,C
1Y32_1_A_7,C
1Y32_1_A_8,E
1Y32_1_A_9,E
1Y32_1_A_10,E
1Y32_1_A_11,E
1Y32_1_A_12,E
1Y32_1_A_13,H
1Y32_1_A_14,C
1Y32_1_A_15,H
1Y32_1_A_16,C
1Y32_1_A_17,H
1Y32_1_A_18,H
1Y32_1_A_19,E
1Y32_1_A_20,E
1XPP_1_A_1,E
1XPP_1_A_2,E
1XPP_1_A_3,C
1XPP_1_A_4,C
1XPP_1_A_5,C
1XPP_1_A_6,C
1XPP_1_A_7,C
1XPP_1_A_8,E
1XPP_1_A_9,E
1XPP_1_A_10,E
1XPP_1_A_11,E
1XPP_1_A_12,E
1XPP_1_A_13,H
1XPP_1_A_14,C
1XPP_1_A_15,H
1XPP_1_A_16,C
1XPP_1_A_17,H
1XPP_1_A_18,H
1XPP_1_A_19,E
1XPP_1_A_20,E
2F2G_1_A_1,E
2F2G_1_A_2,E
2F2G_1_A_3,C
2F2G_1_A_4,C
2F2G_1_A_5,C
2F2G_1_A_6,C
2F2G_1_A_7,C
2F2G_1_A_8,E
2F2G_1_A_9,E
2F2G_1_A_10,E
2F2G_1_A_11,E
2F2G_1_A_12,E
2F2G_1_A_13,H
2F2G_1_A_14,C
2F2G_1_A_15,H
2F2G_1_A_16,C
2F2G_1_A_17,H
2F2G_1_A_18,H
2F2G_1_A_19,E
2F2G_1_A_20,E
1HH8_1_A_1,E
1HH8_1_A_2,E
1HH8_1_A_3,C
1HH8_1_A_4,C
1HH8_1_A_5,C
1HH8_1_A_6,C
1HH8_1_A_7,C
1HH8_1_A_8,E
1HH8_1_A_9,E
1HH8_1_A_10,E
1HH8_1_A_11,E
1HH8_1_A_12,E
1HH8_1_A_13,H
1HH8_1_A_14,C
1HH8_1_A_15,H
1HH8_1_A_16,C
1HH8_1_A_17,H
1HH8_1_A_18,H
1HH8_1_A_19,E
1HH8_1_A_20,E
1JAD_1_A_1,E
1JAD_1_A_2,E
1JAD_1_A_3,C
1JAD_1_A_4,C
1JAD_1_A_5,C
1JAD_1_A_6,C
1JAD_1_A_7,C
1JAD_1_A_8,E
1JAD_1_A_9,E
1JAD_1_A_10,E
1JAD_1_A_11,E
1JAD_1_A_12,E
1JAD_1_A_13,H
1JAD_1_A_14,C
1JAD_1_A_15,H
1JAD_1_A_16,C
1JAD_1_A_17,H
1JAD_1_A_18,H
1JAD_1_A_19,E
1JAD_1_A_20,E
1TJY_1_A_1,E
1TJY_1_A_2,E
1TJY_1_A_3,C
1TJY_1_A_4,C
1TJY_1_A_5,C
1TJY_1_A_6,C
1TJY_1_A_7,C
1TJY_1_A_8,E
1TJY_1_A_9,E
1TJY_1_A_10,E
1TJY_1_A_11,E
1TJY_1_A_12,E
1TJY_1_A_13,H
1TJY_1_A_14,C
1TJY_1_A_15,H
1TJY_1_A_16,C
1TJY_1_A_17,H
1TJY_1_A_18,H
1TJY_1_A_19,E
1TJY_1_A_20,E
2B3T_1_A_1,E
2B3T_1_A_2,E
2B3T_1_A_3,C
2B3T_1_A_4,C
2B3T_1_A_5,C
2B3T_1_A_6,C
2B3T_1_A_7,C
2B3T_1_A_8,E
2B3T_1_A_9,E
2B3T_1_A_10,E
2B3T_1_A_11,E
2B3T_1_A_12,E
2B3T_1_A_13,H
2B3T_1_A_14,C
2B3T_1_A_15,H
2B3T_1_A_16,C
2B3T_1_A_17,H
2B3T_1_A_18,H
2B3T_1_A_19,E
2B3T_1_A_20,E
1DCI_1_A_1,E
1DCI_1_A_2,E
1DCI_1_A_3,C
1DCI_1_A_4,C
1DCI_1_A_5,C
1DCI_1_A_6,C
1DCI_1_A_7,C
1DCI_1_A_8,E
1DCI_1_A_9,E
1DCI_1_A_10,E
1DCI_1_A_11,E
1DCI_1_A_12,E
1DCI_1_A_13,H
1DCI_1_A_14,C
1DCI_1_A_15,H
1DCI_1_A_16,C
1DCI_1_A_17,H
1DCI_1_A_18,H
1DCI_1_A_19,E
1DCI_1_A_20,E
2BIW_1_A_1,E
2BIW_1_A_2,E
2BIW_1_A_3,C
2BIW_1_A_4,C
2BIW_1_A_5,C
2BIW_1_A_6,C
2BIW_1_A_7,C
2BIW_1_A_8,E
2BIW_1_A_9,E
2BIW_1_A_10,E
2BIW_1_A_11,E
2BIW_1_A_12,E
2BIW_1_A_13,H
2BIW_1_A_14,C
2BIW_1_A_15,H
2BIW_1_A_16,C
2BIW_1_A_17,H
2BIW_1_A_18,H
2BIW_1_A_19,E
2BIW_1_A_20,E
2G45_1_A_1,E
2G45_1_A_2,E
2G45_1_A_3,C
2G45_1_A_4,C
2G45_1_A_5,C
2G45_1_A_6,C
2G45_1_A_7,C
2G45_1_A_8,E
2G45_1_A_9,E
2G45_1_A_10,E
2G45_1_A_11,E
2G45_1_A_12,E
2G45_1_A_13,H
2G45_1_A_14,C
2G45_1_A_15,H
2G45_1_A_16,C
2G45_1_A_17,H
2G45_1_A_18,H
2G45_1_A_19,E
2G45_1_A_20,E
1GZ0_1_A_1,E
1GZ0_1_A_2,E
1GZ0_1_A_3,C
1GZ0_1_A_4,C
1GZ0_1_A_5,C
1GZ0_1_A_6,C
1GZ0_1_A_7,C
1GZ0_1_A_8,E
1GZ0_1_A_9,E
1GZ0_1_A_10,E
1GZ0_1_A_11,E
1GZ0_1_A_12,E
1GZ0_1_A_13,H
1GZ0_1_A_14,C
1GZ0_1_A_15,H
1GZ0_1_A_16,C
1GZ0_1_A_17,H
1GZ0_1_A_18,H
1GZ0_1_A_19,E
1GZ0_1_A_20,E
1VE2_1_A_1,E
1VE2_1_A_2,E
1VE2_1_A_3,C
1VE2_1_A_4,C
1VE2_1_A_5,C
1VE2_1_A_6,C
1VE2_1_A_7,C
1VE2_1_A_8,E
1VE2_1_A_9,E
1VE2_1_A_10,E
1VE2_1_A_11,E
1VE2_1_A_12,E
1VE2_1_A_13,H
1VE2_1_A_14,C
1VE2_1_A_15,H
1VE2_1_A_16,C
1VE2_1_A_17,H
1VE2_1_A_18,H
1VE2_1_A_19,E
1VE2_1_A_20,E
1HI9_1_A_1,E
1HI9_1_A_2,E
1HI9_1_A_3,C
1HI9_1_A_4,C
1HI9_1_A_5,C
1HI9_1_A_6,C
1HI9_1_A_7,C
1HI9_1_A_8,E
1HI9_1_A_9,E
1HI9_1_A_10,E
1HI9_1_A_11,E
1HI9_1_A_12,E
1HI9_1_A_13,H
1HI9_1_A_14,C
1HI9_1_A_15,H
1HI9_1_A_16,C
1HI9_1_A_17,H
1HI9_1_A_18,H
1HI9_1_A_19,E
1HI9_1_A_20,E
1LVF_1_A_1,E
1LVF_1_A_2,E
1LVF_1_A_3,C
1LVF_1_A_4,C
1LVF_1_A_5,C
1LVF_1_A_6,C
1LVF_1_A_7,C
1LVF_1_A_8,E
1LVF_1_A_9,E
1LVF_1_A_10,E
1LVF_1_A_11,E
1LVF_1_A_12,E
1LVF_1_A_13,H
1LVF_1_A_14,C
1LVF_1_A_15,H
1LVF_1_A_16,C
1LVF_1_A_17,H
1LVF_1_A_18,H
1LVF_1_A_19,E
1LVF_1_A_20,E
2A33_1_A_1,E
2A33_1_A_2,E
2A33_1_A_3,C
2A33_1_A_4,C
2A33_1_A_5,C
2A33_1_A_6,C
2A33_1_A_7,C
2A33_1_A_8,E
2A33_1_A_9,E
2A33_1_A_10,E
2A33_1_A_11,E
2A33_1_A_12,E
2A33_1_A_13,H
2A33_1_A_14,C
2A33_1_A_15,H
2A33_1_A_16,C
2A33_1_A_17,H
2A33_1_A_18,H
2A33_1_A_19,E
2A33_1_A_20,E
1QR4_1_A_1,E
1QR4_1_A_2,E
1QR4_1_A_3,C
1QR4_1_A_4,C
1QR4_1_A_5,C
1QR4_1_A_6,C
1QR4_1_A_7,C
1QR4_1_A_8,E
1QR4_1_A_9,E
1QR4_1_A_10,E
1QR4_1_A_11,E
1QR4_1_A_12,E
1QR4_1_A_13,H
1QR4_1_A_14,C
1QR4_1_A_15,H
1QR4_1_A_16,C
1QR4_1_A_17,H
1QR4_1_A_18,H
1QR4_1_A_19,E
1QR4_1_A_20,E
1PU6_1_A_1,E
1PU6_1_A_2,E
1PU6_1_A_3,C
1PU6_1_A_4,C
1PU6_1_A_5,C
1PU6_1_A_6,C
1PU6_1_A_7,C
1PU6_1_A_8,E
1PU6_1_A_9,E
1PU6_1_A_10,E
1PU6_1_A_11,E
1PU6_1_A_12,E
1PU6_1_A_13,H
1PU6_1_A_14,C
1PU6_1_A_15,H
1PU6_1_A_16,C
1PU6_1_A_17,H
1PU6_1_A_18,H
1PU6_1_A_19,E
1PU6_1_A_20,E
1EH6_1_A_1,E
1EH6_1_A_2,E
1EH6_1_A_3,C
1EH6_1_A_4,C
1EH6_1_A_5,C
1EH6_1_A_6,C
1EH6_1_A_7,C
1EH6_1_A_8,E
1EH6_1_A_9,E
1EH6_1_A_10,E
1EH6_1_A_11,E
1EH6_1_A_12,E
1EH6_1_A_13,H
1EH6_1_A_14,C
1EH6_1_A_15,H
1EH6_1_A_16,C
1EH6_1_A_17,H
1EH6_1_A_18,H
1EH6_1_A_19,E
1EH6_1_A_20,E
1YUA_1_A_1,E
1YUA_1_A_2,E
1YUA_1_A_3,C
1YUA_1_A_4,C
1YUA_1_A_5,C
1YUA_1_A_6,C
1YUA_1_A_7,C
1YUA_1_A_8,E
1YUA_1_A_9,E
1YUA_1_A_10,E
1YUA_1_A_11,E
1YUA_1_A_12,E
1YUA_1_A_13,H
1YUA_1_A_14,C
1YUA_1_A_15,H
1YUA_1_A_16,C
1YUA_1_A_17,H
1YUA_1_A_18,H
1YUA_1_A_19,E
1YUA_1_A_20,E
1Q44_1_A_1,E
1Q44_1_A_2,E
1Q44_1_A_3,C
1Q44_1_A_4,C
1Q44_1_A_5,C
1Q44_1_A_6,C
1Q44_1_A_7,C
1Q44_1_A_8,E
1Q44_1_A_9,E
1Q44_1_A_10,E
1Q44_1_A_11,E
1Q44_1_A_12,E
1Q44_1_A_13,H
1Q44_1_A_14,C
1Q44_1_A_15,H
1Q44_1_A_16,C
1Q44_1_A_17,H
1Q44_1_A_18,H
1Q44_1_A_19,E
1Q44_1_A_20,E
2BBR_1_A_1,E
2BBR_1_A_2,E
2BBR_1_A_3,C
2BBR_1_A_4,C
2BBR_1_A_5,C
2BBR_1_A_6,C
2BBR_1_A_7,C
2BBR_1_A_8,E
2BBR_1_A_9,E
2BBR_1_A_10,E
2BBR_1_A_11,E
2BBR_1_A_12,E
2BBR_1_A_13,H
2BBR_1_A_14,C
2BBR_1_A_15,H
2BBR_1_A_16,C
2BBR_1_A_17,H
2BBR_1_A_18,H
2BBR_1_A_19,E
2BBR_1_A_20,E
1MQV_1_A_1,E
1MQV_1_A_2,E
1MQV_1_A_3,C
1MQV_1_A_4,C
1MQV_1_A_5,C
1MQV_1_A_6,C
1MQV_1_A_7,C
1MQV_1_A_8,E
1MQV_1_A_9,E
1MQV_1_A_10,E
1MQV_1_A_11,E
1MQV_1_A_12,E
1MQV_1_A_13,H
1MQV_1_A_14,C
1MQV_1_A_15,H
1MQV_1_A_16,C
1MQV_1_A_17,H
1MQV_1_A_18,H
1MQV_1_A_19,E
1MQV_1_A_20,E
1WV8_1_A_1,E
1WV8_1_A_2,E
1WV8_1_A_3,C
1WV8_1_A_4,C
1WV8_1_A_5,C
1WV8_1_A_6,C
1WV8_1_A_7,C
1WV8_1_A_8,E
1WV8_1_A_9,E
1WV8_1_A_10,E
1WV8_1_A_11,E
1WV8_1_A_12,E
1WV8_1_A_13,H
1WV8_1_A_14,C
1WV8_1_A_15,H
1WV8_1_A_16,C
1WV8_1_A_17,H
1WV8_1_A_18,H
1WV8_1_A_19,E
1WV8_1_A_20,E
1FVI_1_A_1,E
1FVI_1_A_2,E
1FVI_1_A_3,C
1FVI_1_A_4,C
1FVI_1_A_5,C
1FVI_1_A_6,C
1FVI_1_A_7,C
1FVI_1_A_8,E
1FVI_1_A_9,E
1FVI_1_A_10,E
1FVI_1_A_11,E
1FVI_1_A_12,E
1FVI_1_A_13,H
1FVI_1_A_14,C
1FVI_1_A_15,H
1FVI_1_A_16,C
1FVI_1_A_17,H
1FVI_1_A_18,H
1FVI_1_A_19,E
1FVI_1_A_20,E
2BDV_1_A_1,E
2BDV_1_A_2,E
2BDV_1_A_3,C
2BDV_1_A_4,C
2BDV_1_A_5,C
2BDV_1_A_6,C
2BDV_1_A_7,C
2BDV_1_A_8,E
2BDV_1_A_9,E
2BDV_1_A_10,E
2BDV_1_A_11,E
2BDV_1_A_12,E
2BDV_1_A_13,H
2BDV_1_A_14,C
2BDV_1_A_15,H
2BDV_1_A_16,C
2BDV_1_A_17,H
2BDV_1_A_18,H
2BDV_1_A_19,E
2BDV_1_A_20,E
2F7T_1_A_1,E
2F7T_1_A_2,E
2F7T_1_A_3,C
2F7T_1_A_4,C
2F7T_1_A_5,C
2F7T_1_A_6,C
2F7T_1_A_7,C
2F7T_1_A_8,E
2F7T_1_A_9,E
2F7T_1_A_10,E
2F7T_1_A_11,E
2F7T_1_A_12,E
2F7T_1_A_13,H
2F7T_1_A_14,C
2F7T_1_A_15,H
2F7T_1_A_16,C
2F7T_1_A_17,H
2F7T_1_A_18,H
2F7T_1_A_19,E
2F7T_1_A_20,E
1JR8_1_A_1,E
1JR8_1_A_2,E
1JR8_1_A_3,C
1JR8_1_A_4,C
1JR8_1_A_5,C
1JR8_1_A_6,C
1JR8_1_A_7,C
1JR8_1_A_8,E
1JR8_1_A_9,E
1JR8_1_A_10,E
1JR8_1_A_11,E
1JR8_1_A_12,E
1JR8_1_A_13,H
1JR8_1_A_14,C
1JR8_1_A_15,H
1JR8_1_A_16,C
1JR8_1_A_17,H
1JR8_1_A_18,H
1JR8_1_A_19,E
1JR8_1_A_20,E
1UFM_1_A_1,E
1UFM_1_A_2,E
1UFM_1_A_3,C
1UFM_1_A_4,C
1UFM_1_A_5,C
1UFM_1_A_6,C
1UFM_1_A_7,C
1UFM_1_A_8,E
1UFM_1_A_9,E
1UFM_1_A_10,E
1UFM_1_A_11,E
1UFM_1_A_12,E
1UFM_1_A_13,H
1UFM_1_A_14,C
1UFM_1_A_15,H
1UFM_1_A_16,C
1UFM_1_A_17,H
1UFM_1_A_18,H
1UFM_1_A_19,E
1UFM_1_A_20,E
1DVO_1_A_1,E
1DVO_1_A_2,E
1DVO_1_A_3,C
1DVO_1_A_4,C
1DVO_1_A_5,C
1DVO_1_A_6,C
1DVO_1_A_7,C
1DVO_1_A_8,E
1DVO_1_A_9,E
1DVO_1_A_10,E
1DVO_1_A_11,E
1DVO_1_A_12,E
1DVO_1_A_13,H
1DVO_1_A_14,C
1DVO_1_A_15,H
1DVO_1_A_16,C
1DVO_1_A_17,H
1DVO_1_A_18,H
1DVO_1_A_19,E
1DVO_1_A_20,E
1W4S_1_A_1,E
1W4S_1_A_2,E
1W4S_1_A_3,C
1W4S_1_A_4,C
1W4S_1_A_5,C
1W4S_1_A_6,C
1W4S_1_A_7,C
1W4S_1_A_8,E
1W4S_1_A_9,E
1W4S_1_A_10,E
1W4S_1_A_11,E
1W4S_1_A_12,E
1W4S_1_A_13,H
1W4S_1_A_14,C
1W4S_1_A_15,H
1W4S_1_A_16,C
1W4S_1_A_17,H
1W4S_1_A_18,H
1W4S_1_A_19,E
1W4S_1_A_20,E
1WIR_1_A_1,E
1WIR_1_A_2,E
1WIR_1_A_3,C
1WIR_1_A_4,C
1WIR_1_A_5,C
1WIR_1_A_6,C
1WIR_1_A_7,C
1WIR_1_A_8,E
1WIR_1_A_9,E
1WIR_1_A_10,E
1WIR_1_A_11,E
1WIR_1_A_12,E
1WIR_1_A_13,H
1WIR_1_A_14,C
1WIR_1_A_15,H
1WIR_1_A_16,C
1WIR_1_A_17,H
1WIR_1_A_18,H
1WIR_1_A_19,E
1WIR_1_A_20,E
1V2B_1_A_1,E
1V2B_1_A_2,E
1V2B_1_A_3,C
1V2B_1_A_4,C
1V2B_1_A_5,C
1V2B_1_A_6,C
1V2B_1_A_7,C
1V2B_1_A_8,E
1V2B_1_A_9,E
1V2B_1_A_10,E
1V2B_1_A_11,E
1V2B_1_A_12,E
1V2B_1_A_13,H
1V2B_1_A_14,C
1V2B_1_A_15,H
1V2B_1_A_16,C
1V2B_1_A_17,H
1V2B_1_A_18,H
1V2B_1_A_19,E
1V2B_1_A_20,E
1TBX_1_A_1,E
1TBX_1_A_2,E
1TBX_1_A_3,C
1TBX_1_A_4,C
1TBX_1_A_5,C
1TBX_1_A_6,C
1TBX_1_A_7,C
1TBX_1_A_8,E
1TBX_1_A_9,E
1TBX_1_A_10,E
1TBX_1_A_11,E
1TBX_1_A_12,E
1TBX_1_A_13,H
1TBX_1_A_14,C
1TBX_1_A_15,H
1TBX_1_A_16,C
1TBX_1_A_17,H
1TBX_1_A_18,H
1TBX_1_A_19,E
1TBX_1_A_20,E
2A90_1_A_1,E
2A90_1_A_2,E
2A90_1_A_3,C
2A90_1_A_4,C
2A90_1_A_5,C
2A90_1_A_6,C
2A90_1_A_7,C
2A90_1_A_8,E
2A90_1_A_9,E
2A90_1_A_10,E
2A90_1_A_11,E
2A90_1_A_12,E
2A90_1_A_13,H
2A90_1_A_14,C
2A90_1_A_15,H
2A90_1_A_16,C
2A90_1_A_17,H
2A90_1_A_18,H
2A90_1_A_19,E
2A90_1_A_20,E
1TGS_2_I_1,E
1TGS_2_I_2,E
1TGS_2_I_3,C
1TGS_2_I_4,C
1TGS_2_I_5,C
1TGS_2_I_6,C
1TGS_2_I_7,C
1TGS_2_I_8,E
1TGS_2_I_9,E
1TGS_2_I_10,E
1TGS_2_I_11,E
1TGS_2_I_12,E
1TGS_2_I_13,H
1TGS_2_I_14,C
1TGS_2_I_15,H
1TGS_2_I_16,C
1TGS_2_I_17,H
1TGS_2_I_18,H
1TGS_2_I_19,E
1TGS_2_I_20,E
1X9L_1_A_1,E
1X9L_1_A_2,E
1X9L_1_A_3,C
1X9L_1_A_4,C
1X9L_1_A_5,C
1X9L_1_A_6,C
1X9L_1_A_7,C
1X9L_1_A_8,E
1X9L_1_A_9,E
1X9L_1_A_10,E
1X9L_1_A_11,E
1X9L_1_A_12,E
1X9L_1_A_13,H
1X9L_1_A_14,C
1X9L_1_A_15,H
1X9L_1_A_16,C
1X9L_1_A_17,H
1X9L_1_A_18,H
1X9L_1_A_19,E
1X9L_1_A_20,E
1VK9_1_A_1,E
1VK9_1_A_2,E
1VK9_1_A_3,C
1VK9_1_A_4,C
1VK9_1_A_5,C
1VK9_1_A_6,C
1VK9_1_A_7,C
1VK9_1_A_8,E
1VK9_1_A_9,E
1VK9_1_A_10,E
1VK9_1_A_11,E
1VK9_1_A_12,E
1VK9_1_A_13,H
1VK9_1_A_14,C
1VK9_1_A_15,H
1VK9_1_A_16,C
1VK9_1_A_17,H
1VK9_1_A_18,H
1VK9_1_A_19,E
1VK9_1_A_20,E
1XMV_1_A_1,E
1XMV_1_A_2,E
1XMV_1_A_3,C
1XMV_1_A_4,C
1XMV_1_A_5,C
1XMV_1_A_6,C
1XMV_1_A_7,C
1XMV_1_A_8,E
1XMV_1_A_9,E
1XMV_1_A_10,E
1XMV_1_A_11,E
1XMV_1_A_12,E
1XMV_1_A_13,H
1XMV_1_A_14,C
1XMV_1_A_15,H
1XMV_1_A_16,C
1XMV_1_A_17,H
1XMV_1_A_18,H
1XMV_1_A_19,E
1XMV_1_A_20,E
1V5S_1_A_1,E
1V5S_1_A_2,E
1V5S_1_A_3,C
1V5S_1_A_4,C
1V5S_1_A_5,C
1V5S_1_A_6,C
1V5S_1_A_7,C
1V5S_1_A_8,E
1V5S_1_A_9,E
1V5S_1_A_10,E
1V5S_1_A_11,E
1V5S_1_A_12,E
1V5S_1_A_13,H
1V5S_1_A_14,C
1V5S_1_A_15,H
1V5S_1_A_16,C
1V5S_1_A_17,H
1V5S_1_A_18,H
1V5S_1_A_19,E
1V5S_1_A_20,E
1UFZ_1_A_1,E
1UFZ_1_A_2,E
1UFZ_1_A_3,C
1UFZ_1_A_4,C
1UFZ_1_A_5,C
1UFZ_1_A_6,C
1UFZ_1_A_7,C
1UFZ_1_A_8,E
1UFZ_1_A_9,E
1UFZ_1_A_10,E
1UFZ_1_A_11,E
1UFZ_1_A_12,E
1UFZ_1_A_13,H
1UFZ_1_A_14,C
1UFZ_1_A_15,H
1UFZ_1_A_16,C
1UFZ_1_A_17,H
1UFZ_1_A_18,H
1UFZ_1_A_19,E
1UFZ_1_A_20,E
1UIX_1_A_1,E
1UIX_1_A_2,E
1UIX_1_A_3,C
1UIX_1_A_4,C
1UIX_1_A_5,C
1UIX_1_A_6,C
1UIX_1_A_7,C
1UIX_1_A_8,E
1UIX_1_A_9,E
1UIX_1_A_10,E
1UIX_1_A_11,E
1UIX_1_A_12,E
1UIX_1_A_13,H
1UIX_1_A_14,C
1UIX_1_A_15,H
1UIX_1_A_16,C
1UIX_1_A_17,H
1UIX_1_A_18,H
1UIX_1_A_19,E
1UIX_1_A_20,E
1ZLL_1_A_1,E
1ZLL_1_A_2,E
1ZLL_1_A_3,C
1ZLL_1_A_4,C
1ZLL_1_A_5,C
1ZLL_1_A_6,C
1ZLL_1_A_7,C
1ZLL_1_A_8,E
1ZLL_1_A_9,E
1ZLL_1_A_10,E
1ZLL_1_A_11,E
1ZLL_1_A_12,E
1ZLL_1_A_13,H
1ZLL_1_A_14,C
1ZLL_1_A_15,H
1ZLL_1_A_16,C
1ZLL_1_A_17,H
1ZLL_1_A_18,H
1ZLL_1_A_19,E
1ZLL_1_A_20,E
2B5I_2_B_1,E
2B5I_2_B_2,E
2B5I_2_B_3,C
2B5I_2_B_4,C
2B5I_2_B_5,C
2B5I_2_B_6,C
2B5I_2_B_7,C
2B5I_2_B_8,E
2B5I_2_B_9,E
2B5I_2_B_10,E
2B5I_2_B_11,E
2B5I_2_B_12,E
2B5I_2_B_13,H
2B5I_2_B_14,C
2B5I_2_B_15,H
2B5I_2_B_16,C
2B5I_2_B_17,H
2B5I_2_B_18,H
2B5I_2_B_19,E
2B5I_2_B_20,E
2BG9_3_C_1,E
2BG9_3_C_2,E
2BG9_3_C_3,C
2BG9_3_C_4,C
2BG9_3_C_5,C
2BG9_3_C_6,C
2BG9_3_C_7,C
2BG9_3_C_8,E
2BG9_3_C_9,E
2BG9_3_C_10,E
2BG9_3_C_11,E
2BG9_3_C_12,E
2BG9_3_C_13,H
2BG9_3_C_14,C
2BG9_3_C_15,H
2BG9_3_C_16,C
2BG9_3_C_17,H
2BG9_3_C_18,H
2BG9_3_C_19,E
2BG9_3_C_20,E
1G0Y_2_I_1,E
1G0Y_2_I_2,E
1G0Y_2_I_3,C
1G0Y_2_I_4,C
1G0Y_2_I_5,C
1G0Y_2_I_6,C
1G0Y_2_I_7,C
1G0Y_2_I_8,E
1G0Y_2_I_9,E
1G0Y_2_I_10,E
1G0Y_2_I_11,E
1G0Y_2_I_12,E
1G0Y_2_I_13,H
1G0Y_2_I_14,C
1G0Y_2_I_15,H
1G0Y_2_I_16,C
1G0Y_2_I_17,H
1G0Y_2_I_18,H
1G0Y_2_I_19,E
1G0Y_2_I_20,E
1PAQ_1_A_1,E
1PAQ_1_A_2,E
1PAQ_1_A_3,C
1PAQ_1_A_4,C
1PAQ_1_A_5,C
1PAQ_1_A_6,C
1PAQ_1_A_7,C
1PAQ_1_A_8,E
1PAQ_1_A_9,E
1PAQ_1_A_10,E
1PAQ_1_A_11,E
1PAQ_1_A_12,E
1PAQ_1_A_13,H
1PAQ_1_A_14,C
1PAQ_1_A_15,H
1PAQ_1_A_16,C
1PAQ_1_A_17,H
1PAQ_1_A_18,H
1PAQ_1_A_19,E
1PAQ_1_A_20,E
1Z7L_1_A_1,E
1Z7L_1_A_2,E
1Z7L_1_A_3,C
1Z7L_1_A_4,C
1Z7L_1_A_5,C
1Z7L_1_A_6,C
1Z7L_1_A_7,C
1Z7L_1_A_8,E
1Z7L_1_A_9,E
1Z7L_1_A_10,E
1Z7L_1_A_11,E
1Z7L_1_A_12,E
1Z7L_1_A_13,H
1Z7L_1_A_14,C
1Z7L_1_A_15,H
1Z7L_1_A_16,C
1Z7L_1_A_17,H
1Z7L_1_A_18,H
1Z7L_1_A_19,E
1Z7L_1_A_20,E
1BG2_1_A_1,E
1BG2_1_A_2,E
1BG2_1_A_3,C
1BG2_1_A_4,C
1BG2_1_A_5,C
1BG2_1_A_6,C
1BG2_1_A_7,C
1BG2_1_A_8,E
1BG2_1_A_9,E
1BG2_1_A_10,E
1BG2_1_A_11,E
1BG2_1_A_12,E
1BG2_1_A_13,H
1BG2_1_A_14,C
1BG2_1_A_15,H
1BG2_1_A_16,C
1BG2_1_A_17,H
1BG2_1_A_18,H
1BG2_1_A_19,E
1BG2_1_A_20,E
1RQW_1_A_1,E
1RQW_1_A_2,E
1RQW_1_A_3,C
1RQW_1_A_4,C
1RQW_1_A_5,C
1RQW_1_A_6,C
1RQW_1_A_7,C
1RQW_1_A_8,E
1RQW_1_A_9,E
1RQW_1_A_10,E
1RQW_1_A_11,E
1RQW_1_A_12,E
1RQW_1_A_13,H
1RQW_1_A_14,C
1RQW_1_A_15,H
1RQW_1_A_16,C
1RQW_1_A_17,H
1RQW_1_A_18,H
1RQW_1_A_19,E
1RQW_1_A_20,E
1UMZ_1_A_1,E
1UMZ_1_A_2,E
1UMZ_1_A_3,C
1UMZ_1_A_4,C
1UMZ_1_A_5,C
1UMZ_1_A_6,C
1UMZ_1_A_7,C
1UMZ_1_A_8,E
1UMZ_1_A_9,E
1UMZ_1_A_10,E
1UMZ_1_A_11,E
1UMZ_1_A_12,E
1UMZ_1_A_13,H
1UMZ_1_A_14,C
1UMZ_1_A_15,H
1UMZ_1_A_16,C
1UMZ_1_A_17,H
1UMZ_1_A_18,H
1UMZ_1_A_19,E
1UMZ_1_A_20,E
1K8I_1_A_1,E
1K8I_1_A_2,E
1K8I_1_A_3,C
1K8I_1_A_4,C
1K8I_1_A_5,C
1K8I_1_A_6,C
1K8I_1_A_7,C
1K8I_1_A_8,E
1K8I_1_A_9,E
1K8I_1_A_10,E
1K8I_1_A_11,E
1K8I_1_A_12,E
1K8I_1_A_13,H
1K8I_1_A_14,C
1K8I_1_A_15,H
1K8I_1_A_16,C
1K8I_1_A_17,H
1K8I_1_A_18,H
1K8I_1_A_19,E
1K8I_1_A_20,E
2AGA_1_A_1,E
2AGA_1_A_2,E
2AGA_1_A_3,C
2AGA_1_A_4,C
2AGA_1_A_5,C
2AGA_1_A_6,C
2AGA_1_A_7,C
2AGA_1_A_8,E
2AGA_1_A_9,E
2AGA_1_A_10,E
2AGA_1_A_11,E
2AGA_1_A_12,E
2AGA_1_A_13,H
2AGA_1_A_14,C
2AGA_1_A_15,H
2AGA_1_A_16,C
2AGA_1_A_17,H
2AGA_1_A_18,H
2AGA_1_A_19,E
2AGA_1_A_20,E
1ZGK_1_A_1,E
1ZGK_1_A_2,E
1ZGK_1_A_3,C
1ZGK_1_A_4,C
1ZGK_1_A_5,C
1ZGK_1_A_6,C
1ZGK_1_A_7,C
1ZGK_1_A_8,E
1ZGK_1_A_9,E
1ZGK_1_A_10,E
1ZGK_1_A_11,E
1ZGK_1_A_12,E
1ZGK_1_A_13,H
1ZGK_1_A_14,C
1ZGK_1_A_15,H
1ZGK_1_A_16,C
1ZGK_1_A_17,H
1ZGK_1_A_18,H
1ZGK_1_A_19,E
1ZGK_1_A_20,E
1M3U_1_A_1,E
1M3U_1_A_2,E
1M3U_1_A_3,C
1M3U_1_A_4,C
1M3U_1_A_5,C
1M3U_1_A_6,C
1M3U_1_A_7,C
1M3U_1_A_8,E
1M3U_1_A_9,E
1M3U_1_A_10,E
1M3U_1_A_11,E
1M3U_1_A_12,E
1M3U_1_A_13,H
1M3U_1_A_14,C
1M3U_1_A_15,H
1M3U_1_A_16,C
1M3U_1_A_17,H
1M3U_1_A_18,H
1M3U_1_A_19,E
1M3U_1_A_20,E
1DQU_1_A_1,E
1DQU_1_A_2,E
1DQU_1_A_3,C
1DQU_1_A_4,C
1DQU_1_A_5,C
1DQU_1_A_6,C
1DQU_1_A_7,C
1DQU_1_A_8,E
1DQU_1_A_9,E
1DQU_1_A_10,E
1DQU_1_A_11,E
1DQU_1_A_12,E
1DQU_1_A_13,H
1DQU_1_A_14,C
1DQU_1_A_15,H
1DQU_1_A_16,C
1DQU_1_A_17,H
1DQU_1_A_18,H
1DQU_1_A_19,E
1DQU_1_A_20,E
1G7E_1_A_1,E
1G7E_1_A_2,E
1G7E_1_A_3,C
1G7E_1_A_4,C
1G7E_1_A_5,C
1G7E_1_A_6,C
1G7E_1_A_7,C
1G7E_1_A_8,E
1G7E_1_A_9,E
1G7E_1_A_10,E
1G7E_1_A_11,E
1G7E_1_A_12,E
1G7E_1_A_13,H
1G7E_1_A_14,C
1G7E_1_A_15,H
1G7E_1_A_16,C
1G7E_1_A_17,H
1G7E_1_A_18,H
1G7E_1_A_19,E
1G7E_1_A_20,E
1JJW_1_A_1,E
1JJW_1_A_2,E
1JJW_1_A_3,C
1JJW_1_A_4,C
1JJW_1_A_5,C
1JJW_1_A_6,C
1JJW_1_A_7,C
1JJW_1_A_8,E
1JJW_1_A_9,E
1JJW_1_A_10,E
1JJW_1_A_11,E
1JJW_1_A_12,E
1JJW_1_A_13,H
1JJW_1_A_14,C
1JJW_1_A_15,H
1JJW_1_A_16,C
1JJW_1_A_17,H
1JJW_1_A_18,H
1JJW_1_A_19,E
1JJW_1_A_20,E
1YVL_1_A_1,E
1YVL_1_A_2,E
1YVL_1_A_3,C
1YVL_1_A_4,C
1YVL_1_A_5,C
1YVL_1_A_6,C
1YVL_1_A_7,C
1YVL_1_A_8,E
1YVL_1_A_9,E
1YVL_1_A_10,E
1YVL_1_A_11,E
1YVL_1_A_12,E
1YVL_1_A_13,H
1YVL_1_A_14,C
1YVL_1_A_15,H
1YVL_1_A_16,C
1YVL_1_A_17,H
1YVL_1_A_18,H
1YVL_1_A_19,E
1YVL_1_A_20,E
1T6T_1_1_1,E
1T6T_1_1_2,E
1T6T_1_1_3,C
1T6T_1_1_4,C
1T6T_1_1_5,C
1T6T_1_1_6,C
1T6T_1_1_7,C
1T6T_1_1_8,E
1T6T_1_1_9,E
1T6T_1_1_10,E
1T6T_1_1_11,E
1T6T_1_1_12,E
1T6T_1_1_13,H
1T6T_1_1_14,C
1T6T_1_1_15,H
1T6T_1_1_16,C
1T6T_1_1_17,H
1T6T_1_1_18,H
1T6T_1_1_19,E
1T6T_1_1_20,E
2ANX_1_A_1,E
2ANX_1_A_2,E
2ANX_1_A_3,C
2ANX_1_A_4,C
2ANX_1_A_5,C
2ANX_1_A_6,C
2ANX_1_A_7,C
2ANX_1_A_8,E
2ANX_1_A_9,E
2ANX_1_A_10,E
2ANX_1_A_11,E
2ANX_1_A_12,E
2ANX_1_A_13,H
2ANX_1_A_14,C
2ANX_1_A_15,H
2ANX_1_A_16,C
2ANX_1_A_17,H
2ANX_1_A_18,H
2ANX_1_A_19,E
2ANX_1_A_20,E
1NQL_2_B_1,E
1NQL_2_B_2,E
1NQL_2_B_3,C
1NQL_2_B_4,C
1NQL_2_B_5,C
1NQL_2_B_6,C
1NQL_2_B_7,C
1NQL_2_B_8,E
1NQL_2_B_9,E
1NQL_2_B_10,E
1NQL_2_B_11,E
1NQL_2_B_12,E
1NQL_2_B_13,H
1NQL_2_B_14,C
1NQL_2_B_15,H
1NQL_2_B_16,C
1NQL_2_B_17,H
1NQL_2_B_18,H
1NQL_2_B_19,E
1NQL_2_B_20,E
1V84_1_A_1,E
1V84_1_A_2,E
1V84_1_A_3,C
1V84_1_A_4,C
1V84_1_A_5,C
1V84_1_A_6,C
1V84_1_A_7,C
1V84_1_A_8,E
1V84_1_A_9,E
1V84_1_A_10,E
1V84_1_A_11,E
1V84_1_A_12,E
1V84_1_A_13,H
1V84_1_A_14,C
1V84_1_A_15,H
1V84_1_A_16,C
1V84_1_A_17,H
1V84_1_A_18,H
1V84_1_A_19,E
1V84_1_A_20,E
1WU9_1_A_1,E
1WU9_1_A_2,E
1WU9_1_A_3,C
1WU9_1_A_4,C
1WU9_1_A_5,C
1WU9_1_A_6,C
1WU9_1_A_7,C
1WU9_1_A_8,E
1WU9_1_A_9,E
1WU9_1_A_10,E
1WU9_1_A_11,E
1WU9_1_A_12,E
1WU9_1_A_13,H
1WU9_1_A_14,C
1WU9_1_A_15,H
1WU9_1_A_16,C
1WU9_1_A_17,H
1WU9_1_A_18,H
1WU9_1_A_19,E
1WU9_1_A_20,E
1LC5_1_A_1,E
1LC5_1_A_2,E
1LC5_1_A_3,C
1LC5_1_A_4,C
1LC5_1_A_5,C
1LC5_1_A_6,C
1LC5_1_A_7,C
1LC5_1_A_8,E
1LC5_1_A_9,E
1LC5_1_A_10,E
1LC5_1_A_11,E
1LC5_1_A_12,E
1LC5_1_A_13,H
1LC5_1_A_14,C
1LC5_1_A_15,H
1LC5_1_A_16,C
1LC5_1_A_17,H
1LC5_1_A_18,H
1LC5_1_A_19,E
1LC5_1_A_20,E
1JQ5_1_A_1,E
1JQ5_1_A_2,E
1JQ5_1_A_3,C
1JQ5_1_A_4,C
1JQ5_1_A_5,C
1JQ5_1_A_6,C
1JQ5_1_A_7,C
1JQ5_1_A_8,E
1JQ5_1_A_9,E
1JQ5_1_A_10,E
1JQ5_1_A_11,E
1JQ5_1_A_12,E
1JQ5_1_A_13,H
1JQ5_1_A_14,C
1JQ5_1_A_15,H
1JQ5_1_A_16,C
1JQ5_1_A_17,H
1JQ5_1_A_18,H
1JQ5_1_A_19,E
1JQ5_1_A_20,E
1U3I_1_A_1,E
1U3I_1_A_2,E
1U3I_1_A_3,C
1U3I_1_A_4,C
1U3I_1_A_5,C
1U3I_1_A_6,C
1U3I_1_A_7,C
1U3I_1_A_8,E
1U3I_1_A_9,E
1U3I_1_A_10,E
1U3I_1_A_11,E
1U3I_1_A_12,E
1U3I_1_A_13,H
1U3I_1_A_14,C
1U3I_1_A_15,H
1U3I_1_A_16,C
1U3I_1_A_17,H
1U3I_1_A_18,H
1U3I_1_A_19,E
1U3I_1_A_20,E
1FCD_2_C_1,E
1FCD_2_C_2,E
1FCD_2_C_3,C
1FCD_2_C_4,C
1FCD_2_C_5,C
1FCD_2_C_6,C
1FCD_2_C_7,C
1FCD_2_C_8,E
1FCD_2_C_9,E
1FCD_2_C_10,E
1FCD_2_C_11,E
1FCD_2_C_12,E
1FCD_2_C_13,H
1FCD_2_C_14,C
1FCD_2_C_15,H
1FCD_2_C_16,C
1FCD_2_C_17,H
1FCD_2_C_18,H
1FCD_2_C_19,E
1FCD_2_C_20,E
1I8K_1_A_1,E
1I8K_1_A_2,E
1I8K_1_A_3,C
1I8K_1_A_4,C
1I8K_1_A_5,C
1I8K_1_A_6,C
1I8K_1_A_7,C
1I8K_1_A_8,E
1I8K_1_A_9,E
1I8K_1_A_10,E
1I8K_1_A_11,E
1I8K_1_A_12,E
1I8K_1_A_13,H
1I8K_1_A_14,C
1I8K_1_A_15,H
1I8K_1_A_16,C
1I8K_1_A_17,H
1I8K_1_A_18,H
1I8K_1_A_19,E
1I8K_1_A_20,E
2BDT_1_A_1,E
2BDT_1_A_2,E
2BDT_1_A_3,C
2BDT_1_A_4,C
2BDT_1_A_5,C
2BDT_1_A_6,C
2BDT_1_A_7,C
2BDT_1_A_8,E
2BDT_1_A_9,E
2BDT_1_A_10,E
2BDT_1_A_11,E
2BDT_1_A_12,E
2BDT_1_A_13,H
2BDT_1_A_14,C
2BDT_1_A_15,H
2BDT_1_A_16,C
2BDT_1_A_17,H
2BDT_1_A_18,H
2BDT_1_A_19,E
2BDT_1_A_20,E
1V89_1_A_1,E
1V89_1_A_2,E
1V89_1_A_3,C
1V89_1_A_4,C
1V89_1_A_5,C
1V89_1_A_6,C
1V89_1_A_7,C
1V89_1_A_8,E
1V89_1_A_9,E
1V89_1_A_10,E
1V89_1_A_11,E
1V89_1_A_12,E
1V89_1_A_13,H
1V89_1_A_14,C
1V89_1_A_15,H
1V89_1_A_16,C
1V89_1_A_17,H
1V89_1_A_18,H
1V89_1_A_19,E
1V89_1_A_20,E
1SOT_1_A_1,E
1SOT_1_A_2,E
1SOT_1_A_3,C
1SOT_1_A_4,C
1SOT_1_A_5,C
1SOT_1_A_6,C
1SOT_1_A_7,C
1SOT_1_A_8,E
1SOT_1_A_9,E
1SOT_1_A_10,E
1SOT_1_A_11,E
1SOT_1_A_12,E
1SOT_1_A_13,H
1SOT_1_A_14,C
1SOT_1_A_15,H
1SOT_1_A_16,C
1SOT_1_A_17,H
1SOT_1_A_18,H
1SOT_1_A_19,E
1SOT_1_A_20,E
1CI9_1_A_1,E
1CI9_1_A_2,E
1CI9_1_A_3,C
1CI9_1_A_4,C
1CI9_1_A_5,C
1CI9_1_A_6,C
1CI9_1_A_7,C
1CI9_1_A_8,E
1CI9_1_A_9,E
1CI9_1_A_10,E
1CI9_1_A_11,E
1CI9_1_A_12,E
1CI9_1_A_13,H
1CI9_1_A_14,C
1CI9_1_A_15,H
1CI9_1_A_16,C
1CI9_1_A_17,H
1CI9_1_A_18,H
1CI9_1_A_19,E
1CI9_1_A_20,E
1OKC_1_A_1,E
1OKC_1_A_2,E
1OKC_1_A_3,C
1OKC_1_A_4,C
1OKC_1_A_5,C
1OKC_1_A_6,C
1OKC_1_A_7,C
1OKC_1_A_8,E
1OKC_1_A_9,E
1OKC_1_A_10,E
1OKC_1_A_11,E
1OKC_1_A_12,E
1OKC_1_A_13,H
1OKC_1_A_14,C
1OKC_1_A_15,H
1OKC_1_A_16,C
1OKC_1_A_17,H
1OKC_1_A_18,H
1OKC_1_A_19,E
1OKC_1_A_20,E
2FKI_1_A_1,E
2FKI_1_A_2,E
2FKI_1_A_3,C
2FKI_1_A_4,C
2FKI_1_A_5,C
2FKI_1_A_6,C
2FKI_1_A_7,C
2FKI_1_A_8,E
2FKI_1_A_9,E
2FKI_1_A_10,E
2FKI_1_A_11,E
2FKI_1_A_12,E
2FKI_1_A_13,H
2FKI_1_A_14,C
2FKI_1_A_15,H
2FKI_1_A_16,C
2FKI_1_A_17,H
2FKI_1_A_18,H
2FKI_1_A_19,E
2FKI_1_A_20,E
1VHF_1_A_1,E
1VHF_1_A_2,E
1VHF_1_A_3,C
1VHF_1_A_4,C
1VHF_1_A_5,C
1VHF_1_A_6,C
1VHF_1_A_7,C
1VHF_1_A_8,E
1VHF_1_A_9,E
1VHF_1_A_10,E
1VHF_1_A_11,E
1VHF_1_A_12,E
1VHF_1_A_13,H
1VHF_1_A_14,C
1VHF_1_A_15,H
1VHF_1_A_16,C
1VHF_1_A_17,H
1VHF_1_A_18,H
1VHF_1_A_19,E
1VHF_1_A_20,E
1DZL_1_A_1,E
1DZL_1_A_2,E
1DZL_1_A_3,C
1DZL_1_A_4,C
1DZL_1_A_5,C
1DZL_1_A_6,C
1DZL_1_A_7,C
1DZL_1_A_8,E
1DZL_1_A_9,E
1DZL_1_A_10,E
1DZL_1_A_11,E
1DZL_1_A_12,E
1DZL_1_A_13,H
1DZL_1_A_14,C
1DZL_1_A_15,H
1DZL_1_A_16,C
1DZL_1_A_17,H
1DZL_1_A_18,H
1DZL_1_A_19,E
1DZL_1_A_20,E
1M6B_1_A_1,E
1M6B_1_A_2,E
1M6B_1_A_3,C
1M6B_1_A_4,C
1M6B_1_A_5,C
1M6B_1_A_6,C
1M6B_1_A_7,C
1M6B_1_A_8,E
1M6B_1_A_9,E
1M6B_1_A_10,E
1M6B_1_A_11,E
1M6B_1_A_12,E
1M6B_1_A_13,H
1M6B_1_A_14,C
1M6B_1_A_15,H
1M6B_1_A_16,C
1M6B_1_A_17,H
1M6B_1_A_18,H
1M6B_1_A_19,E
1M6B_1_A_20,E
1OGQ_1_A_1,E
1OGQ_1_A_2,E
1OGQ_1_A_3,C
1OGQ_1_A_4,C
1OGQ_1_A_5,C
1OGQ_1_A_6,C
1OGQ_1_A_7,C
1OGQ_1_A_8,E
1OGQ_1_A_9,E
1OGQ_1_A_10,E
1OGQ_1_A_11,E
1OGQ_1_A_12,E
1OGQ_1_A_13,H
1OGQ_1_A_14,C
1OGQ_1_A_15,H
1OGQ_1_A_16,C
1OGQ_1_A_17,H
1OGQ_1_A_18,H
1OGQ_1_A_19,E
1OGQ_1_A_20,E
1TER_1_A_1,E
1TER_1_A_2,E
1TER_1_A_3,C
1TER_1_A_4,C
1TER_1_A_5,C
1TER_1_A_6,C
1TER_1_A_7,C
1TER_1_A_8,E
1TER_1_A_9,E
1TER_1_A_10,E
1TER_1_A_11,E
1TER_1_A_12,E
1TER_1_A_13,H
1TER_1_A_14,C
1TER_1_A_15,H
1TER_1_A_16,C
1TER_1_A_17,H
1TER_1_A_18,H
1TER_1_A_19,E
1TER_1_A_20,E
1DKC_1_A_1,E
1DKC_1_A_2,E
1DKC_1_A_3,C
1DKC_1_A_4,C
1DKC_1_A_5,C
1DKC_1_A_6,C
1DKC_1_A_7,C
1DKC_1_A_8,E
1DKC_1_A_9,E
1DKC_1_A_10,E
1DKC_1_A_11,E
1DKC_1_A_12,E
1DKC_1_A_13,H
1DKC_1_A_14,C
1DKC_1_A_15,H
1DKC_1_A_16,C
1DKC_1_A_17,H
1DKC_1_A_18,H
1DKC_1_A_19,E
1DKC_1_A_20,E
1BGK_1_A_1,E
1BGK_1_A_2,E
1BGK_1_A_3,C
1BGK_1_A_4,C
1BGK_1_A_5,C
1BGK_1_A_6,C
1BGK_1_A_7,C
1BGK_1_A_8,E
1BGK_1_A_9,E
1BGK_1_A_10,E
1BGK_1_A_11,E
1BGK_1_A_12,E
1BGK_1_A_13,H
1BGK_1_A_14,C
1BGK_1_A_15,H
1BGK_1_A_16,C
1BGK_1_A_17,H
1BGK_1_A_18,H
1BGK_1_A_19,E
1BGK_1_A_20,E
1ZEI_1_A_1,E
1ZEI_1_A_2,E
1ZEI_1_A_3,C
1ZEI_1_A_4,C
1ZEI_1_A_5,C
1ZEI_1_A_6,C
1ZEI_1_A_7,C
1ZEI_1_A_8,E
1ZEI_1_A_9,E
1ZEI_1_A_10,E
1ZEI_1_A_11,E
1ZEI_1_A_12,E
1ZEI_1_A_13,H
1ZEI_1_A_14,C
1ZEI_1_A_15,H
1ZEI_1_A_16,C
1ZEI_1_A_17,H
1ZEI_1_A_18,H
1ZEI_1_A_19,E
1ZEI_1_A_20,E
1V5T_1_A_1,E
1V5T_1_A_2,E
1V5T_1_A_3,C
1V5T_1_A_4,C
1V5T_1_A_5,C
1V5T_1_A_6,C
1V5T_1_A_7,C
1V5T_1_A_8,E
1V5T_1_A_9,E
1V5T_1_A_10,E
1V5T_1_A_11,E
1V5T_1_A_12,E
1V5T_1_A_13,H
1V5T_1_A_14,C
1V5T_1_A_15,H
1V5T_1_A_16,C
1V5T_1_A_17,H
1V5T_1_A_18,H
1V5T_1_A_19,E
1V5T_1_A_20,E
1I31_1_A_1,E
1I31_1_A_2,E
1I31_1_A_3,C
1I31_1_A_4,C
1I31_1_A_5,C
1I31_1_A_6,C
1I31_1_A_7,C
1I31_1_A_8,E
1I31_1_A_9,E
1I31_1_A_10,E
1I31_1_A_11,E
1I31_1_A_12,E
1I31_1_A_13,H
1I31_1_A_14,C
1I31_1_A_15,H
1I31_1_A_16,C
1I31_1_A_17,H
1I31_1_A_18,H
1I31_1_A_19,E
1I31_1_A_20,E
1XN9_1_A_1,E
1XN9_1_A_2,E
1XN9_1_A_3,C
1XN9_1_A_4,C
1XN9_1_A_5,C
1XN9_1_A_6,C
1XN9_1_A_7,C
1XN9_1_A_8,E
1XN9_1_A_9,E
1XN9_1_A_10,E
1XN9_1_A_11,E
1XN9_1_A_12,E
1XN9_1_A_13,H
1XN9_1_A_14,C
1XN9_1_A_15,H
1XN9_1_A_16,C
1XN9_1_A_17,H
1XN9_1_A_18,H
1XN9_1_A_19,E
1XN9_1_A_20,E
1FVS_1_A_1,E
1FVS_1_A_2,E
1FVS_1_A_3,C
1FVS_1_A_4,C
1FVS_1_A_5,C
1FVS_1_A_6,C
1FVS_1_A_7,C
1FVS_1_A_8,E
1FVS_1_A_9,E
1FVS_1_A_10,E
1FVS_1_A_11,E
1FVS_1_A_12,E
1FVS_1_A_13,H
1FVS_1_A_14,C
1FVS_1_A_15,H
1FVS_1_A_16,C
1FVS_1_A_17,H
1FVS_1_A_18,H
1FVS_1_A_19,E
1FVS_1_A_20,E
2BUD_1_A_1,E
2BUD_1_A_2,E
2BUD_1_A_3,C
2BUD_1_A_4,C
2BUD_1_A_5,C
2BUD_1_A_6,C
2BUD_1_A_7,C
2BUD_1_A_8,E
2BUD_1_A_9,E
2BUD_1_A_10,E
2BUD_1_A_11,E
2BUD_1_A_12,E
2BUD_1_A_13,H
2BUD_1_A_14,C
2BUD_1_A_15,H
2BUD_1_A_16,C
2BUD_1_A_17,H
2BUD_1_A_18,H
2BUD_1_A_19,E
2BUD_1_A_20,E
1NHC_1_A_1,E
1NHC_1_A_2,E
1NHC_1_A_3,C
1NHC_1_A_4,C
1NHC_1_A_5,C
1NHC_1_A_6,C
1NHC_1_A_7,C
1NHC_1_A_8,E
1NHC_1_A_9,E
1NHC_1_A_10,E
1NHC_1_A_11,E
1NHC_1_A_12,E
1NHC_1_A_13,H
1NHC_1_A_14,C
1NHC_1_A_15,H
1NHC_1_A_16,C
1NHC_1_A_17,H
1NHC_1_A_18,H
1NHC_1_A_19,E
1NHC_1_A_20,E
2D1E_1_A_1,E
2D1E_1_A_2,E
2D1E_1_A_3,C
2D1E_1_A_4,C
2D1E_1_A_5,C
2D1E_1_A_6,C
2D1E_1_A_7,C
2D1E_1_A_8,E
2D1E_1_A_9,E
2D1E_1_A_10,E
2D1E_1_A_11,E
2D1E_1_A_12,E
2D1E_1_A_13,H
2D1E_1_A_14,C
2D1E_1_A_15,H
2D1E_1_A_16,C
2D1E_1_A_17,H
2D1E_1_A_18,H
2D1E_1_A_19,E
2D1E_1_A_20,E
1W3O_1_A_1,E
1W3O_1_A_2,E
1W3O_1_A_3,C
1W3O_1_A_4,C
1W3O_1_A_5,C
1W3O_1_A_6,C
1W3O_1_A_7,C
1W3O_1_A_8,E
1W3O_1_A_9,E
1W3O_1_A_10,E
1W3O_1_A_11,E
1W3O_1_A_12,E
1W3O_1_A_13,H
1W3O_1_A_14,C
1W3O_1_A_15,H
1W3O_1_A_16,C
1W3O_1_A_17,H
1W3O_1_A_18,H
1W3O_1_A_19,E
1W3O_1_A_20,E
1XKR_1_A_1,E
1XKR_1_A_2,E
1XKR_1_A_3,C
1XKR_1_A_4,C
1XKR_1_A_5,C
1XKR_1_A_6,C
1XKR_1_A_7,C
1XKR_1_A_8,E
1XKR_1_A_9,E
1XKR_1_A_10,E
1XKR_1_A_11,E
1XKR_1_A_12,E
1XKR_1_A_13,H
1XKR_1_A_14,C
1XKR_1_A_15,H
1XKR_1_A_16,C
1XKR_1_A_17,H
1XKR_1_A_18,H
1XKR_1_A_19,E
1XKR_1_A_20,E
1Z5B_1_A_1,E
1Z5B_1_A_2,E
1Z5B_1_A_3,C
1Z5B_1_A_4,C
1Z5B_1_A_5,C
1Z5B_1_A_6,C
1Z5B_1_A_7,C
1Z5B_1_A_8,E
1Z5B_1_A_9,E
1Z5B_1_A_10,E
1Z5B_1_A_11,E
1Z5B_1_A_12,E
1Z5B_1_A_13,H
1Z5B_1_A_14,C
1Z5B_1_A_15,H
1Z5B_1_A_16,C
1Z5B_1_A_17,H
1Z5B_1_A_18,H
1Z5B_1_A_19,E
1Z5B_1_A_20,E
1NHI_1_A_1,E
1NHI_1_A_2,E
1NHI_1_A_3,C
1NHI_1_A_4,C
1NHI_1_A_5,C
1NHI_1_A_6,C
1NHI_1_A_7,C
1NHI_1_A_8,E
1NHI_1_A_9,E
1NHI_1_A_10,E
1NHI_1_A_11,E
1NHI_1_A_12,E
1NHI_1_A_13,H
1NHI_1_A_14,C
1NHI_1_A_15,H
1NHI_1_A_16,C
1NHI_1_A_17,H
1NHI_1_A_18,H
1NHI_1_A_19,E
1NHI_1_A_20,E
1XB4_1_A_1,E
1XB4_1_A_2,E
1XB4_1_A_3,C
1XB4_1_A_4,C
1XB4_1_A_5,C
1XB4_1_A_6,C
1XB4_1_A_7,C
1XB4_1_A_8,E
1XB4_1_A_9,E
1XB4_1_A_10,E
1XB4_1_A_11,E
1XB4_1_A_12,E
1XB4_1_A_13,H
1XB4_1_A_14,C
1XB4_1_A_15,H
1XB4_1_A_16,C
1XB4_1_A_17,H
1XB4_1_A_18,H
1XB4_1_A_19,E
1XB4_1_A_20,E
1PXY_1_A_1,E
1PXY_1_A_2,E
1PXY_1_A_3,C
1PXY_1_A_4,C
1PXY_1_A_5,C
1PXY_1_A_6,C
1PXY_1_A_7,C
1PXY_1_A_8,E
1PXY_1_A_9,E
1PXY_1_A_10,E
1PXY_1_A_11,E
1PXY_1_A_12,E
1PXY_1_A_13,H
1PXY_1_A_14,C
1PXY_1_A_15,H
1PXY_1_A_16,C
1PXY_1_A_17,H
1PXY_1_A_18,H
1PXY_1_A_19,E
1PXY_1_A_20,E
1V6B_1_A_1,E
1V6B_1_A_2,E
1V6B_1_A_3,C
1V6B_1_A_4,C
1V6B_1_A_5,C
1V6B_1_A_6,C
1V6B_1_A_7,C
1V6B_1_A_8,E
1V6B_1_A_9,E
1V6B_1_A_10,E
1V6B_1_A_11,E
1V6B_1_A_12,E
1V6B_1_A_13,H
1V6B_1_A_14,C
1V6B_1_A_15,H
1V6B_1_A_16,C
1V6B_1_A_17,H
1V6B_1_A_18,H
1V6B_1_A_19,E
1V6B_1_A_20,E
1QYN_1_A_1,E
1QYN_1_A_2,E
1QYN_1_A_3,C
1QYN_1_A_4,C
1QYN_1_A_5,C
1QYN_1_A_6,C
1QYN_1_A_7,C
1QYN_1_A_8,E
1QYN_1_A_9,E
1QYN_1_A_10,E
1QYN_1_A_11,E
1QYN_1_A_12,E
1QYN_1_A_13,H
1QYN_1_A_14,C
1QYN_1_A_15,H
1QYN_1_A_16,C
1QYN_1_A_17,H
1QYN_1_A_18,H
1QYN_1_A_19,E
1QYN_1_A_20,E
1GNU_1_A_1,E
1GNU_1_A_2,E
1GNU_1_A_3,C
1GNU_1_A_4,C
1GNU_1_A_5,C
1GNU_1_A_6,C
1GNU_1_A_7,C
1GNU_1_A_8,E
1GNU_1_A_9,E
1GNU_1_A_10,E
1GNU_1_A_11,E
1GNU_1_A_12,E
1GNU_1_A_13,H
1GNU_1_A_14,C
1GNU_1_A_15,H
1GNU_1_A_16,C
1GNU_1_A_17,H
1GNU_1_A_18,H
1GNU_1_A_19,E
1GNU_1_A_20,E
1PBJ_1_A_1,E
1PBJ_1_A_2,E
1PBJ_1_A_3,C
1PBJ_1_A_4,C
1PBJ_1_A_5,C
1PBJ_1_A_6,C
1PBJ_1_A_7,C
1PBJ_1_A_8,E
1PBJ_1_A_9,E
1PBJ_1_A_10,E
1PBJ_1_A_11,E
1PBJ_1_A_12,E
1PBJ_1_A_13,H
1PBJ_1_A_14,C
1PBJ_1_A_15,H
1PBJ_1_A_16,C
1PBJ_1_A_17,H
1PBJ_1_A_18,H
1PBJ_1_A_19,E
1PBJ_1_A_20,E
1YJG_1_A_1,E
1YJG_1_A_2,E
1YJG_1_A_3,C
1YJG_1_A_4,C
1YJG_1_A_5,C
1YJG_1_A_6,C
1YJG_1_A_7,C
1YJG_1_A_8,E
1YJG_1_A_9,E
1YJG_1_A_10,E
1YJG_1_A_11,E
1YJG_1_A_12,E
1YJG_1_A_13,H
1YJG_1_A_14,C
1YJG_1_A_15,H
1YJG_1_A_16,C
1YJG_1_A_17,H
1YJG_1_A_18,H
1YJG_1_A_19,E
1YJG_1_A_20,E
1S6L_1_A_1,E
1S6L_1_A_2,E
1S6L_1_A_3,C
1S6L_1_A_4,C
1S6L_1_A_5,C
1S6L_1_A_6,C
1S6L_1_A_7,C
1S6L_1_A_8,E
1S6L_1_A_9,E
1S6L_1_A_10,E
1S6L_1_A_11,E
1S6L_1_A_12,E
1S6L_1_A_13,H
1S6L_1_A_14,C
1S6L_1_A_15,H
1S6L_1_A_16,C
1S6L_1_A_17,H
1S6L_1_A_18,H
1S6L_1_A_19,E
1S6L_1_A_20,E
1SR4_3_C_1,E
1SR4_3_C_2,E
1SR4_3_C_3,C
1SR4_3_C_4,C
1SR4_3_C_5,C
1SR4_3_C_6,C
1SR4_3_C_7,C
1SR4_3_C_8,E
1SR4_3_C_9,E
1SR4_3_C_10,E
1SR4_3_C_11,E
1SR4_3_C_12,E
1SR4_3_C_13,H
1SR4_3_C_14,C
1SR4_3_C_15,H
1SR4_3_C_16,C
1SR4_3_C_17,H
1SR4_3_C_18,H
1SR4_3_C_19,E
1SR4_3_C_20,E
1ND9_1_A_1,E
1ND9_1_A_2,E
1ND9_1_A_3,C
1ND9_1_A_4,C
1ND9_1_A_5,C
1ND9_1_A_6,C
1ND9_1_A_7,C
1ND9_1_A_8,E
1ND9_1_A_9,E
1ND9_1_A_10,E
1ND9_1_A_11,E
1ND9_1_A_12,E
1ND9_1_A_13,H
1ND9_1_A_14,C
1ND9_1_A_15,H
1ND9_1_A_16,C
1ND9_1_A_17,H
1ND9_1_A_18,H
1ND9_1_A_19,E
1ND9_1_A_20,E
2F8X_3_C_1,E
2F8X_3_C_2,E
2F8X_3_C_3,C
2F8X_3_C_4,C
2F8X_3_C_5,C
2F8X_3_C_6,C
2F8X_3_C_7,C
2F8X_3_C_8,E
2F8X_3_C_9,E
2F8X_3_C_10,E
2F8X_3_C_11,E
2F8X_3_C_12,E
2F8X_3_C_13,H
2F8X_3_C_14,C
2F8X_3_C_15,H
2F8X_3_C_16,C
2F8X_3_C_17,H
2F8X_3_C_18,H
2F8X_3_C_19,E
2F8X_3_C_20,E
1R73_1_A_1,E
1R73_1_A_2,E
1R73_1_A_3,C
1R73_1_A_4,C
1R73_1_A_5,C
1R73_1_A_6,C
1R73_1_A_7,C
1R73_1_A_8,E
1R73_1_A_9,E
1R73_1_A_10,E
1R73_1_A_11,E
1R73_1_A_12,E
1R73_1_A_13,H
1R73_1_A_14,C
1R73_1_A_15,H
1R73_1_A_16,C
1R73_1_A_17,H
1R73_1_A_18,H
1R73_1_A_19,E
1R73_1_A_20,E
1J0H_1_A_1,E
1J0H_1_A_2,E
1J0H_1_A_3,C
1J0H_1_A_4,C
1J0H_1_A_5,C
1J0H_1_A_6,C
1J0H_1_A_7,C
1J0H_1_A_8,E
1J0H_1_A_9,E
1J0H_1_A_10,E
1J0H_1_A_11,E
1J0H_1_A_12,E
1J0H_1_A_13,H
1J0H_1_A_14,C
1J0H_1_A_15,H
1J0H_1_A_16,C
1J0H_1_A_17,H
1J0H_1_A_18,H
1J0H_1_A_19,E
1J0H_1_A_20,E
1U24_1_A_1,E
1U24_1_A_2,E
1U24_1_A_3,C
1U24_1_A_4,C
1U24_1_A_5,C
1U24_1_A_6,C
1U24_1_A_7,C
1U24_1_A_8,E
1U24_1_A_9,E
1U24_1_A_10,E
1U24_1_A_11,E
1U24_1_A_12,E
1U24_1_A_13,H
1U24_1_A_14,C
1U24_1_A_15,H
1U24_1_A_16,C
1U24_1_A_17,H
1U24_1_A_18,H
1U24_1_A_19,E
1U24_1_A_20,E
1VL5_1_A_1,E
1VL5_1_A_2,E
1VL5_1_A_3,C
1VL5_1_A_4,C
1VL5_1_A_5,C
1VL5_1_A_6,C
1VL5_1_A_7,C
1VL5_1_A_8,E
1VL5_1_A_9,E
1VL5_1_A_10,E
1VL5_1_A_11,E
1VL5_1_A_12,E
1VL5_1_A_13,H
1VL5_1_A_14,C
1VL5_1_A_15,H
1VL5_1_A_16,C
1VL5_1_A_17,H
1VL5_1_A_18,H
1VL5_1_A_19,E
1VL5_1_A_20,E
1FQJ_3_C_1,E
1FQJ_3_C_2,E
1FQJ_3_C_3,C
1FQJ_3_C_4,C
1FQJ_3_C_5,C
1FQJ_3_C_6,C
1FQJ_3_C_7,C
1FQJ_3_C_8,E
1FQJ_3_C_9,E
1FQJ_3_C_10,E
1FQJ_3_C_11,E
1FQJ_3_C_12,E
1FQJ_3_C_13,H
1FQJ_3_C_14,C
1FQJ_3_C_15,H
1FQJ_3_C_16,C
1FQJ_3_C_17,H
1FQJ_3_C_18,H
1FQJ_3_C_19,E
1FQJ_3_C_20,E
1M8L_1_A_1,E
1M8L_1_A_2,E
1M8L_1_A_3,C
1M8L_1_A_4,C
1M8L_1_A_5,C
1M8L_1_A_6,C
1M8L_1_A_7,C
1M8L_1_A_8,E
1M8L_1_A_9,E
1M8L_1_A_10,E
1M8L_1_A_11,E
1M8L_1_A_12,E
1M8L_1_A_13,H
1M8L_1_A_14,C
1M8L_1_A_15,H
1M8L_1_A_16,C
1M8L_1_A_17,H
1M8L_1_A_18,H
1M8L_1_A_19,E
1M8L_1_A_20,E
2FMR_1_A_1,E
2FMR_1_A_2,E
2FMR_1_A_3,C
2FMR_1_A_4,C
2FMR_1_A_5,C
2FMR_1_A_6,C
2FMR_1_A_7,C
2FMR_1_A_8,E
2FMR_1_A_9,E
2FMR_1_A_10,E
2FMR_1_A_11,E
2FMR_1_A_12,E
2FMR_1_A_13,H
2FMR_1_A_14,C
2FMR_1_A_15,H
2FMR_1_A_16,C
2FMR_1_A_17,H
2FMR_1_A_18,H
2FMR_1_A_19,E
2FMR_1_A_20,E
1AIS_4_B_1,E
1AIS_4_B_2,E
1AIS_4_B_3,C
1AIS_4_B_4,C
1AIS_4_B_5,C
1AIS_4_B_6,C
1AIS_4_B_7,C
1AIS_4_B_8,E
1AIS_4_B_9,E
1AIS_4_B_10,E
1AIS_4_B_11,E
1AIS_4_B_12,E
1AIS_4_B_13,H
1AIS_4_B_14,C
1AIS_4_B_15,H
1AIS_4_B_16,C
1AIS_4_B_17,H
1AIS_4_B_18,H
1AIS_4_B_19,E
1AIS_4_B_20,E
1H2I_1_A_1,E
1H2I_1_A_2,E
1H2I_1_A_3,C
1H2I_1_A_4,C
1H2I_1_A_5,C
1H2I_1_A_6,C
1H2I_1_A_7,C
1H2I_1_A_8,E
1H2I_1_A_9,E
1H2I_1_A_10,E
1H2I_1_A_11,E
1H2I_1_A_12,E
1H2I_1_A_13,H
1H2I_1_A_14,C
1H2I_1_A_15,H
1H2I_1_A_16,C
1H2I_1_A_17,H
1H2I_1_A_18,H
1H2I_1_A_19,E
1H2I_1_A_20,E
1KQ6_1_A_1,E
1KQ6_1_A_2,E
1KQ6_1_A_3,C
1KQ6_1_A_4,C
1KQ6_1_A_5,C
1KQ6_1_A_6,C
1KQ6_1_A_7,C
1KQ6_1_A_8,E
1KQ6_1_A_9,E
1KQ6_1_A_10,E
1KQ6_1_A_11,E
1KQ6_1_A_12,E
1KQ6_1_A_13,H
1KQ6_1_A_14,C
1KQ6_1_A_15,H
1KQ6_1_A_16,C
1KQ6_1_A_17,H
1KQ6_1_A_18,H
1KQ6_1_A_19,E
1KQ6_1_A_20,E
1IBX_2_B_1,E
1IBX_2_B_2,E
1IBX_2_B_3,C
1IBX_2_B_4,C
1IBX_2_B_5,C
1IBX_2_B_6,C
1IBX_2_B_7,C
1IBX_2_B_8,E
1IBX_2_B_9,E
1IBX_2_B_10,E
1IBX_2_B_11,E
1IBX_2_B_12,E
1IBX_2_B_13,H
1IBX_2_B_14,C
1IBX_2_B_15,H
1IBX_2_B_16,C
1IBX_2_B_17,H
1IBX_2_B_18,H
1IBX_2_B_19,E
1IBX_2_B_20,E
1USE_1_A_1,E
1USE_1_A_2,E
1USE_1_A_3,C
1USE_1_A_4,C
1USE_1_A_5,C
1USE_1_A_6,C
1USE_1_A_7,C
1USE_1_A_8,E
1USE_1_A_9,E
1USE_1_A_10,E
1USE_1_A_11,E
1USE_1_A_12,E
1USE_1_A_13,H
1USE_1_A_14,C
1USE_1_A_15,H
1USE_1_A_16,C
1USE_1_A_17,H
1USE_1_A_18,H
1USE_1_A_19,E
1USE_1_A_20,E
1CC5_1_A_1,E
1CC5_1_A_2,E
1CC5_1_A_3,C
1CC5_1_A_4,C
1CC5_1_A_5,C
1CC5_1_A_6,C
1CC5_1_A_7,C
1CC5_1_A_8,E
1CC5_1_A_9,E
1CC5_1_A_10,E
1CC5_1_A_11,E
1CC5_1_A_12,E
1CC5_1_A_13,H
1CC5_1_A_14,C
1CC5_1_A_15,H
1CC5_1_A_16,C
1CC5_1_A_17,H
1CC5_1_A_18,H
1CC5_1_A_19,E
1CC5_1_A_20,E
1WCG_1_A_1,E
1WCG_1_A_2,E
1WCG_1_A_3,C
1WCG_1_A_4,C
1WCG_1_A_5,C
1WCG_1_A_6,C
1WCG_1_A_7,C
1WCG_1_A_8,E
1WCG_1_A_9,E
1WCG_1_A_10,E
1WCG_1_A_11,E
1WCG_1_A_12,E
1WCG_1_A_13,H
1WCG_1_A_14,C
1WCG_1_A_15,H
1WCG_1_A_16,C
1WCG_1_A_17,H
1WCG_1_A_18,H
1WCG_1_A_19,E
1WCG_1_A_20,E
1MW7_1_A_1,E
1MW7_1_A_2,E
1MW7_1_A_3,C
1MW7_1_A_4,C
1MW7_1_A_5,C
1MW7_1_A_6,C
1MW7_1_A_7,C
1MW7_1_A_8,E
1MW7_1_A_9,E
1MW7_1_A_10,E
1MW7_1_A_11,E
1MW7_1_A_12,E
1MW7_1_A_13,H
1MW7_1_A_14,C
1MW7_1_A_15,H
1MW7_1_A_16,C
1MW7_1_A_17,H
1MW7_1_A_18,H
1MW7_1_A_19,E
1MW7_1_A_20,E
1T7R_1_A_1,E
1T7R_1_A_2,E
1T7R_1_A_3,C
1T7R_1_A_4,C
1T7R_1_A_5,C
1T7R_1_A_6,C
1T7R_1_A_7,C
1T7R_1_A_8,E
1T7R_1_A_9,E
1T7R_1_A_10,E
1T7R_1_A_11,E
1T7R_1_A_12,E
1T7R_1_A_13,H
1T7R_1_A_14,C
1T7R_1_A_15,H
1T7R_1_A_16,C
1T7R_1_A_17,H
1T7R_1_A_18,H
1T7R_1_A_19,E
1T7R_1_A_20,E
1JIX_1_A_1,E
1JIX_1_A_2,E
1JIX_1_A_3,C
1JIX_1_A_4,C
1JIX_1_A_5,C
1JIX_1_A_6,C
1JIX_1_A_7,C
1JIX_1_A_8,E
1JIX_1_A_9,E
1JIX_1_A_10,E
1JIX_1_A_11,E
1JIX_1_A_12,E
1JIX_1_A_13,H
1JIX_1_A_14,C
1JIX_1_A_15,H
1JIX_1_A_16,C
1JIX_1_A_17,H
1JIX_1_A_18,H
1JIX_1_A_19,E
1JIX_1_A_20,E
1QUP_1_A_1,E
1QUP_1_A_2,E
1QUP_1_A_3,C
1QUP_1_A_4,C
1QUP_1_A_5,C
1QUP_1_A_6,C
1QUP_1_A_7,C
1QUP_1_A_8,E
1QUP_1_A_9,E
1QUP_1_A_10,E
1QUP_1_A_11,E
1QUP_1_A_12,E
1QUP_1_A_13,H
1QUP_1_A_14,C
1QUP_1_A_15,H
1QUP_1_A_16,C
1QUP_1_A_17,H
1QUP_1_A_18,H
1QUP_1_A_19,E
1QUP_1_A_20,E
1EJ0_1_A_1,E
1EJ0_1_A_2,E
1EJ0_1_A_3,C
1EJ0_1_A_4,C
1EJ0_1_A_5,C
1EJ0_1_A_6,C
1EJ0_1_A_7,C
1EJ0_1_A_8,E
1EJ0_1_A_9,E
1EJ0_1_A_10,E
1EJ0_1_A_11,E
1EJ0_1_A_12,E
1EJ0_1_A_13,H
1EJ0_1_A_14,C
1EJ0_1_A_15,H
1EJ0_1_A_16,C
1EJ0_1_A_17,H
1EJ0_1_A_18,H
1EJ0_1_A_19,E
1EJ0_1_A_20,E
2CND_1_A_1,E
2CND_1_A_2,E
2CND_1_A_3,C
2CND_1_A_4,C
2CND_1_A_5,C
2CND_1_A_6,C
2CND_1_A_7,C
2CND_1_A_8,E
2CND_1_A_9,E
2CND_1_A_10,E
2CND_1_A_11,E
2CND_1_A_12,E
2CND_1_A_13,H
2CND_1_A_14,C
2CND_1_A_15,H
2CND_1_A_16,C
2CND_1_A_17,H
2CND_1_A_18,H
2CND_1_A_19,E
2CND_1_A_20,E
2CUH_1_A_1,E
2CUH_1_A_2,E
2CUH_1_A_3,C
2CUH_1_A_4,C
2CUH_1_A_5,C
2CUH_1_A_6,C
2CUH_1_A_7,C
2CUH_1_A_8,E
2CUH_1_A_9,E
2CUH_1_A_10,E
2CUH_1_A_11,E
2CUH_1_A_12,E
2CUH_1_A_13,H
2CUH_1_A_14,C
2CUH_1_A_15,H
2CUH_1_A_16,C
2CUH_1_A_17,H
2CUH_1_A_18,H
2CUH_1_A_19,E
2CUH_1_A_20,E
1JS1_1_X_1,E
1JS1_1_X_2,E
1JS1_1_X_3,C
1JS1_1_X_4,C
1JS1_1_X_5,C
1JS1_1_X_6,C
1JS1_1_X_7,C
1JS1_1_X_8,E
1JS1_1_X_9,E
1JS1_1_X_10,E
1JS1_1_X_11,E
1JS1_1_X_12,E
1JS1_1_X_13,H
1JS1_1_X_14,C
1JS1_1_X_15,H
1JS1_1_X_16,C
1JS1_1_X_17,H
1JS1_1_X_18,H
1JS1_1_X_19,E
1JS1_1_X_20,E
2BDD_1_A_1,E
2BDD_1_A_2,E
2BDD_1_A_3,C
2BDD_1_A_4,C
2BDD_1_A_5,C
2BDD_1_A_6,C
2BDD_1_A_7,C
2BDD_1_A_8,E
2BDD_1_A_9,E
2BDD_1_A_10,E
2BDD_1_A_11,E
2BDD_1_A_12,E
2BDD_1_A_13,H
2BDD_1_A_14,C
2BDD_1_A_15,H
2BDD_1_A_16,C
2BDD_1_A_17,H
2BDD_1_A_18,H
2BDD_1_A_19,E
2BDD_1_A_20,E
1RIF_1_A_1,E
1RIF_1_A_2,E
1RIF_1_A_3,C
1RIF_1_A_4,C
1RIF_1_A_5,C
1RIF_1_A_6,C
1RIF_1_A_7,C
1RIF_1_A_8,E
1RIF_1_A_9,E
1RIF_1_A_10,E
1RIF_1_A_11,E
1RIF_1_A_12,E
1RIF_1_A_13,H
1RIF_1_A_14,C
1RIF_1_A_15,H
1RIF_1_A_16,C
1RIF_1_A_17,H
1RIF_1_A_18,H
1RIF_1_A_19,E
1RIF_1_A_20,E
2FFU_1_A_1,E
2FFU_1_A_2,E
2FFU_1_A_3,C
2FFU_1_A_4,C
2FFU_1_A_5,C
2FFU_1_A_6,C
2FFU_1_A_7,C
2FFU_1_A_8,E
2FFU_1_A_9,E
2FFU_1_A_10,E
2FFU_1_A_11,E
2FFU_1_A_12,E
2FFU_1_A_13,H
2FFU_1_A_14,C
2FFU_1_A_15,H
2FFU_1_A_16,C
2FFU_1_A_17,H
2FFU_1_A_18,H
2FFU_1_A_19,E
2FFU_1_A_20,E
1POC_1_A_1,E
1POC_1_A_2,E
1POC_1_A_3,C
1POC_1_A_4,C
1POC_1_A_5,C
1POC_1_A_6,C
1POC_1_A_7,C
1POC_1_A_8,E
1POC_1_A_9,E
1POC_1_A_10,E
1POC_1_A_11,E
1POC_1_A_12,E
1POC_1_A_13,H
1POC_1_A_14,C
1POC_1_A_15,H
1POC_1_A_16,C
1POC_1_A_17,H
1POC_1_A_18,H
1POC_1_A_19,E
1POC_1_A_20,E
1R8K_1_A_1,E
1R8K_1_A_2,E
1R8K_1_A_3,C
1R8K_1_A_4,C
1R8K_1_A_5,C
1R8K_1_A_6,C
1R8K_1_A_7,C
1R8K_1_A_8,E
1R8K_1_A_9,E
1R8K_1_A_10,E
1R8K_1_A_11,E
1R8K_1_A_12,E
1R8K_1_A_13,H
1R8K_1_A_14,C
1R8K_1_A_15,H
1R8K_1_A_16,C
1R8K_1_A_17,H
1R8K_1_A_18,H
1R8K_1_A_19,E
1R8K_1_A_20,E
1JAV_1_A_1,E
1JAV_1_A_2,E
1JAV_1_A_3,C
1JAV_1_A_4,C
1JAV_1_A_5,C
1JAV_1_A_6,C
1JAV_1_A_7,C
1JAV_1_A_8,E
1JAV_1_A_9,E
1JAV_1_A_10,E
1JAV_1_A_11,E
1JAV_1_A_12,E
1JAV_1_A_13,H
1JAV_1_A_14,C
1JAV_1_A_15,H
1JAV_1_A_16,C
1JAV_1_A_17,H
1JAV_1_A_18,H
1JAV_1_A_19,E
1JAV_1_A_20,E
